-- MariaDB dump 10.17  Distrib 10.4.15-MariaDB, for Linux (x86_64)
--
-- Host: mysql.hostinger.ro    Database: u574849695_24
-- ------------------------------------------------------
-- Server version	10.4.15-MariaDB-cll-lve

/*!40101 SET @OLD_CHARACTER_SET_CLIENT=@@CHARACTER_SET_CLIENT */;
/*!40101 SET @OLD_CHARACTER_SET_RESULTS=@@CHARACTER_SET_RESULTS */;
/*!40101 SET @OLD_COLLATION_CONNECTION=@@COLLATION_CONNECTION */;
/*!40101 SET NAMES utf8mb4 */;
/*!40103 SET @OLD_TIME_ZONE=@@TIME_ZONE */;
/*!40103 SET TIME_ZONE='+00:00' */;
/*!40014 SET @OLD_UNIQUE_CHECKS=@@UNIQUE_CHECKS, UNIQUE_CHECKS=0 */;
/*!40014 SET @OLD_FOREIGN_KEY_CHECKS=@@FOREIGN_KEY_CHECKS, FOREIGN_KEY_CHECKS=0 */;
/*!40101 SET @OLD_SQL_MODE=@@SQL_MODE, SQL_MODE='NO_AUTO_VALUE_ON_ZERO' */;
/*!40111 SET @OLD_SQL_NOTES=@@SQL_NOTES, SQL_NOTES=0 */;

--
-- Table structure for table `communities`
--

DROP TABLE IF EXISTS `communities`;
/*!40101 SET @saved_cs_client     = @@character_set_client */;
/*!40101 SET character_set_client = utf8 */;
CREATE TABLE `communities` (
  `id` bigint(20) unsigned NOT NULL AUTO_INCREMENT,
  `name` varchar(145) COLLATE utf8mb4_unicode_ci NOT NULL,
  `description` varchar(245) COLLATE utf8mb4_unicode_ci DEFAULT NULL,
  PRIMARY KEY (`id`),
  KEY `name` (`name`)
) ENGINE=InnoDB AUTO_INCREMENT=26 DEFAULT CHARSET=utf8mb4 COLLATE=utf8mb4_unicode_ci;
/*!40101 SET character_set_client = @saved_cs_client */;

--
-- Dumping data for table `communities`
--

LOCK TABLES `communities` WRITE;
/*!40000 ALTER TABLE `communities` DISABLE KEYS */;
INSERT INTO `communities` VALUES (1,'assumenda','Eos aut rerum eum unde minima aut.'),(2,'quis','Cumque eaque recusandae dolore illum est omnis.'),(3,'consequatur','Vel ab beatae id et voluptas distinctio eaque.'),(4,'et','Sint qui ex animi quas.'),(5,'illum','Reiciendis tempore quo aliquam ducimus.'),(6,'dignissimos','Et tenetur suscipit voluptas et amet eos.'),(7,'vitae','Eveniet aperiam qui et porro voluptatem quas minima.'),(8,'animi','Id minus blanditiis iure nihil dolor.'),(9,'pariatur','Aut necessitatibus at tempore similique iure eum.'),(10,'ratione','Aperiam magnam minus rerum consequatur.'),(11,'numquam','Repudiandae expedita ut harum.'),(12,'excepturi','Voluptatem iste velit aperiam maxime.'),(13,'ipsam','Vero in iure blanditiis quas ratione minus modi.'),(14,'nostrum','Similique cupiditate voluptas incidunt temporibus impedit molestiae delectus voluptatibus.'),(15,'et','Sit non blanditiis et adipisci iste blanditiis ea.'),(16,'tempore','Reiciendis repellendus et qui facere.'),(17,'voluptas','At qui repudiandae mollitia quo quia ut quia.'),(18,'temporibus','Et harum consequatur at.'),(19,'voluptas','Quis et illo ut at odio totam explicabo consequatur.'),(20,'sed','Porro aut numquam saepe illum ab.'),(21,'qui','Quis quo quisquam fugiat voluptatem.'),(22,'aut','Earum aut officiis minima accusamus quod consequatur dolor.'),(23,'ut','Error ut ut qui tempore excepturi.'),(24,'quia','Excepturi sit ipsum inventore voluptas.'),(25,'dolore','Et sed a repellat voluptas saepe enim incidunt.');
/*!40000 ALTER TABLE `communities` ENABLE KEYS */;
UNLOCK TABLES;

--
-- Table structure for table `communities_users`
--

DROP TABLE IF EXISTS `communities_users`;
/*!40101 SET @saved_cs_client     = @@character_set_client */;
/*!40101 SET character_set_client = utf8 */;
CREATE TABLE `communities_users` (
  `community_id` bigint(20) unsigned NOT NULL,
  `user_id` bigint(20) unsigned NOT NULL,
  PRIMARY KEY (`community_id`,`user_id`),
  KEY `community_id` (`community_id`),
  KEY `user_id` (`user_id`),
  CONSTRAINT `fk_communities_users_comm` FOREIGN KEY (`community_id`) REFERENCES `communities` (`id`),
  CONSTRAINT `fk_communities_users_users` FOREIGN KEY (`user_id`) REFERENCES `users` (`id`)
) ENGINE=InnoDB DEFAULT CHARSET=utf8mb4 COLLATE=utf8mb4_unicode_ci;
/*!40101 SET character_set_client = @saved_cs_client */;

--
-- Dumping data for table `communities_users`
--

LOCK TABLES `communities_users` WRITE;
/*!40000 ALTER TABLE `communities_users` DISABLE KEYS */;
INSERT INTO `communities_users` VALUES (1,12),(1,15),(1,24),(1,42),(1,45),(1,47),(2,14),(2,15),(2,26),(2,49),(2,57),(2,75),(2,82),(2,91),(3,11),(3,16),(3,25),(3,69),(3,74),(3,89),(3,94),(4,8),(4,16),(4,20),(4,21),(4,25),(4,29),(4,33),(4,35),(4,38),(4,49),(4,51),(4,64),(4,78),(4,86),(4,88),(4,90),(4,99),(5,18),(5,30),(5,35),(5,50),(5,51),(5,58),(5,71),(5,74),(5,98),(6,3),(6,8),(6,18),(6,21),(6,28),(6,40),(6,48),(6,49),(6,68),(6,92),(6,93),(7,17),(7,18),(7,53),(7,57),(7,59),(7,61),(7,67),(7,69),(7,78),(7,84),(7,94),(8,7),(8,33),(8,42),(8,46),(8,53),(8,55),(8,57),(8,58),(8,59),(8,61),(8,65),(8,70),(8,77),(8,87),(9,1),(9,10),(9,24),(9,53),(9,58),(9,71),(9,74),(9,75),(9,77),(9,83),(9,86),(10,6),(10,11),(10,18),(10,21),(10,22),(10,41),(10,53),(10,59),(10,62),(10,70),(10,74),(11,4),(11,6),(11,12),(11,25),(11,26),(11,53),(11,73),(11,83),(11,87),(11,90),(11,98),(12,4),(12,28),(12,36),(12,40),(12,42),(12,44),(12,64),(12,66),(12,93),(12,94),(13,23),(13,29),(13,31),(13,33),(13,35),(13,38),(13,62),(13,63),(13,78),(13,85),(13,93),(14,3),(14,12),(14,27),(14,28),(14,35),(14,37),(14,39),(14,47),(14,61),(14,63),(14,82),(14,88),(14,90),(14,100),(15,4),(15,8),(15,9),(15,12),(15,15),(15,16),(15,18),(15,23),(15,24),(15,40),(15,46),(15,48),(15,49),(15,60),(15,88),(15,89),(15,96),(16,3),(16,7),(16,9),(16,27),(16,51),(16,56),(16,61),(16,70),(16,80),(16,85),(16,87),(16,97),(16,99),(17,7),(17,8),(17,10),(17,14),(17,61),(17,67),(17,77),(17,91),(17,92),(17,96),(17,99),(18,14),(18,16),(18,29),(18,41),(18,42),(18,46),(18,51),(18,52),(18,61),(18,67),(18,73),(18,82),(18,83),(18,98),(19,3),(19,9),(19,14),(19,18),(19,26),(19,28),(19,74),(19,77),(19,84),(19,87),(20,13),(20,33),(20,39),(20,40),(20,57),(20,63),(20,77),(21,5),(21,6),(21,10),(21,31),(21,32),(21,50),(21,55),(21,75),(21,76),(21,79),(21,84),(21,92),(21,96),(22,22),(22,25),(22,26),(22,54),(22,61),(22,69),(22,70),(22,73),(22,74),(22,79),(22,81),(22,83),(22,89),(23,24),(23,33),(23,36),(23,38),(23,49),(23,56),(23,61),(23,66),(23,67),(23,76),(23,79),(23,82),(23,94),(24,3),(24,9),(24,16),(24,17),(24,19),(24,25),(24,27),(24,31),(24,76),(24,85),(24,91),(25,6),(25,18),(25,25),(25,29),(25,54),(25,57),(25,62),(25,86),(25,91);
/*!40000 ALTER TABLE `communities_users` ENABLE KEYS */;
UNLOCK TABLES;

--
-- Table structure for table `friend_requests`
--

DROP TABLE IF EXISTS `friend_requests`;
/*!40101 SET @saved_cs_client     = @@character_set_client */;
/*!40101 SET character_set_client = utf8 */;
CREATE TABLE `friend_requests` (
  `from_user_id` bigint(20) unsigned NOT NULL,
  `to_user_id` bigint(20) unsigned NOT NULL,
  `accepted` tinyint(1) DEFAULT 0,
  PRIMARY KEY (`from_user_id`,`to_user_id`),
  KEY `from_user_id` (`from_user_id`),
  KEY `to_user_id` (`to_user_id`),
  CONSTRAINT `fk_friend_requests_users_1` FOREIGN KEY (`from_user_id`) REFERENCES `users` (`id`),
  CONSTRAINT `fk_friend_requests_users_2` FOREIGN KEY (`to_user_id`) REFERENCES `users` (`id`)
) ENGINE=InnoDB DEFAULT CHARSET=utf8mb4 COLLATE=utf8mb4_unicode_ci;
/*!40101 SET character_set_client = @saved_cs_client */;

--
-- Dumping data for table `friend_requests`
--

LOCK TABLES `friend_requests` WRITE;
/*!40000 ALTER TABLE `friend_requests` DISABLE KEYS */;
INSERT INTO `friend_requests` VALUES (1,58,1),(5,25,0),(7,68,1),(12,19,0),(12,77,0),(13,54,1),(14,97,0),(16,60,1),(18,90,0),(19,11,1),(19,58,0),(19,86,0),(20,99,1),(21,26,1),(22,66,0),(23,12,0),(24,70,1),(24,86,1),(26,44,1),(27,14,1),(28,71,0),(28,88,0),(29,25,1),(32,21,0),(32,91,1),(33,17,0),(34,42,0),(35,17,1),(35,31,0),(36,34,1),(36,40,0),(36,53,0),(36,62,0),(37,46,1),(40,37,0),(41,49,1),(44,59,0),(44,75,1),(46,28,1),(46,31,1),(46,48,1),(47,77,1),(48,72,1),(50,37,1),(51,41,0),(52,34,0),(57,6,1),(58,3,1),(59,63,1),(60,61,0),(61,48,1),(61,67,1),(62,59,0),(62,69,1),(64,9,1),(64,93,1),(65,45,1),(65,63,0),(66,28,1),(66,37,0),(66,55,0),(68,9,0),(69,93,0),(69,98,1),(70,61,0),(71,43,1),(71,47,1),(73,26,1),(73,28,1),(73,77,1),(74,35,1),(75,16,1),(76,20,1),(76,23,1),(77,84,1),(78,70,1),(78,84,1),(79,47,0),(80,21,1),(80,77,1),(80,78,0),(81,14,1),(85,42,0),(86,4,1),(87,44,0),(88,12,0),(92,95,0),(93,50,0),(93,65,0),(94,19,0),(94,39,0),(94,58,0),(95,100,1),(96,65,0),(96,82,0),(97,16,1),(98,51,0),(98,98,0),(99,43,1),(100,89,0);
/*!40000 ALTER TABLE `friend_requests` ENABLE KEYS */;
UNLOCK TABLES;

--
-- Table structure for table `media`
--

DROP TABLE IF EXISTS `media`;
/*!40101 SET @saved_cs_client     = @@character_set_client */;
/*!40101 SET character_set_client = utf8 */;
CREATE TABLE `media` (
  `id` bigint(20) unsigned NOT NULL AUTO_INCREMENT,
  `user_id` bigint(20) unsigned NOT NULL,
  `media_types_id` bigint(20) unsigned NOT NULL,
  `file_name` varchar(200) COLLATE utf8mb4_unicode_ci DEFAULT NULL COMMENT '/files/folder/img.png',
  `file_size` bigint(20) unsigned DEFAULT NULL,
  `created_at` datetime NOT NULL DEFAULT current_timestamp(),
  PRIMARY KEY (`id`),
  UNIQUE KEY `id` (`id`),
  KEY `media_users_idx` (`user_id`),
  KEY `media_media_types_idx` (`media_types_id`),
  CONSTRAINT `fk_media_media_types` FOREIGN KEY (`media_types_id`) REFERENCES `media_types` (`id`),
  CONSTRAINT `fk_media_users` FOREIGN KEY (`user_id`) REFERENCES `users` (`id`)
) ENGINE=InnoDB AUTO_INCREMENT=101 DEFAULT CHARSET=utf8mb4 COLLATE=utf8mb4_unicode_ci;
/*!40101 SET character_set_client = @saved_cs_client */;

--
-- Dumping data for table `media`
--

LOCK TABLES `media` WRITE;
/*!40000 ALTER TABLE `media` DISABLE KEYS */;
INSERT INTO `media` VALUES (1,72,4,'dicta',2927969,'2008-02-25 23:24:29'),(2,75,3,'dignissimos',3701,'1980-11-28 18:55:00'),(3,31,4,'voluptate',52,'1988-01-25 03:24:32'),(4,27,3,'nostrum',94,'1970-02-27 21:36:41'),(5,72,2,'voluptate',4,'1995-04-19 10:40:37'),(6,9,2,'eum',42114229,'2008-01-24 04:46:14'),(7,20,2,'veritatis',683,'1988-04-14 01:12:08'),(8,91,3,'cupiditate',7,'1994-07-21 23:08:59'),(9,91,4,'facilis',482446226,'2017-10-21 21:31:14'),(10,15,3,'quo',0,'1973-06-25 10:09:34'),(11,53,3,'cupiditate',7997,'2007-07-19 16:16:45'),(12,2,3,'voluptatem',750272,'2004-04-26 04:30:52'),(13,64,3,'labore',985869798,'1991-04-10 08:43:37'),(14,35,1,'dicta',50004657,'1981-05-26 10:14:19'),(15,93,2,'eaque',9831,'2015-06-29 02:51:20'),(16,53,3,'voluptates',16697,'1996-01-29 05:16:11'),(17,21,2,'error',59302,'1970-03-08 14:30:27'),(18,32,3,'autem',0,'2004-03-30 03:54:40'),(19,27,3,'recusandae',6,'2019-12-16 16:04:57'),(20,10,4,'ipsam',421849830,'2011-02-04 05:19:02'),(21,99,1,'voluptates',497,'1982-08-08 03:35:27'),(22,44,1,'neque',56257,'1982-04-07 15:30:39'),(23,49,2,'odit',331,'2013-12-02 11:38:07'),(24,81,2,'maxime',0,'2011-09-04 14:12:35'),(25,23,4,'est',29322357,'1983-04-13 21:26:06'),(26,94,3,'molestiae',38,'2003-05-05 08:20:41'),(27,63,4,'illum',553105172,'2009-02-14 08:48:28'),(28,29,2,'ut',75819365,'1977-08-10 02:05:04'),(29,52,3,'dolorem',536501,'2010-01-18 17:03:48'),(30,30,2,'accusantium',464688,'1994-12-11 14:54:37'),(31,7,4,'cupiditate',39,'2007-06-09 22:51:59'),(32,9,2,'autem',7,'1993-06-29 13:08:07'),(33,10,2,'quos',0,'1993-11-01 09:13:32'),(34,78,2,'molestias',36017,'1985-05-21 00:57:43'),(35,98,4,'dolores',0,'1988-07-28 18:16:37'),(36,35,4,'tenetur',51,'1976-10-20 08:46:18'),(37,5,4,'qui',2492,'2016-04-27 04:03:44'),(38,14,3,'deserunt',703319631,'2012-10-16 08:26:13'),(39,13,4,'quidem',135,'2019-12-26 10:13:25'),(40,91,2,'fugit',20,'1993-08-14 11:42:10'),(41,90,4,'quod',628,'1974-04-12 23:26:00'),(42,11,3,'cumque',68123892,'2004-08-06 23:40:40'),(43,79,2,'alias',0,'1992-05-29 07:37:26'),(44,78,2,'ut',1,'1976-01-04 22:17:26'),(45,2,1,'odit',7,'1997-06-08 18:17:21'),(46,75,1,'repellat',259666036,'2001-06-19 05:17:23'),(47,90,4,'alias',79,'2012-05-01 18:22:48'),(48,35,4,'iure',6094,'2007-08-02 23:57:39'),(49,24,1,'inventore',5,'1970-01-17 21:50:13'),(50,35,1,'facilis',0,'1973-01-29 07:21:00'),(51,100,3,'animi',611210274,'1973-04-16 13:58:12'),(52,17,1,'dolor',4685,'1987-07-15 05:02:38'),(53,48,2,'aperiam',34,'1989-05-07 11:11:59'),(54,57,3,'ea',70,'1999-12-14 19:16:18'),(55,25,2,'dicta',25478,'1971-04-21 21:50:35'),(56,96,1,'ipsam',340,'1992-06-15 20:56:22'),(57,32,1,'aspernatur',919038,'2003-01-05 07:00:02'),(58,66,1,'quod',6,'2016-08-21 05:53:27'),(59,46,2,'voluptatum',534696222,'2011-09-08 12:23:04'),(60,41,2,'deserunt',4217161,'2001-09-15 16:03:26'),(61,51,1,'nostrum',909792,'1993-10-20 12:09:10'),(62,56,2,'in',5118722,'1973-04-10 23:24:36'),(63,98,4,'est',86427,'1973-07-05 08:56:02'),(64,38,1,'aut',7020,'2006-08-11 09:12:40'),(65,3,3,'earum',24927,'1997-01-21 10:51:18'),(66,42,1,'sit',92227859,'1974-05-11 15:32:28'),(67,41,3,'dolorum',59125,'1988-10-26 22:35:43'),(68,7,4,'ut',34911,'1998-09-26 10:59:56'),(69,89,3,'fugiat',4,'2000-07-17 11:01:32'),(70,49,1,'inventore',0,'2013-08-10 07:28:31'),(71,12,2,'sit',261026,'1981-06-28 13:10:27'),(72,27,2,'aut',0,'1979-12-04 18:38:37'),(73,52,4,'nihil',6759932,'2020-06-22 11:14:23'),(74,53,4,'aut',91339709,'1980-09-17 05:59:55'),(75,35,4,'non',710627,'1976-05-03 12:42:57'),(76,44,4,'et',0,'2005-06-02 08:20:26'),(77,8,4,'dolorem',1127481,'1985-11-28 15:29:59'),(78,25,1,'pariatur',9256,'1986-07-13 18:42:01'),(79,90,3,'iste',166898871,'1998-07-10 23:10:06'),(80,27,4,'doloribus',635083,'2013-06-14 04:20:40'),(81,34,3,'ullam',534,'2013-07-31 07:43:46'),(82,95,3,'iusto',4199991,'1973-03-13 02:33:53'),(83,26,1,'minus',749,'1983-02-17 02:18:28'),(84,64,1,'velit',0,'2004-04-01 00:23:33'),(85,65,1,'molestias',78,'1992-02-04 15:58:47'),(86,26,4,'id',770627,'2005-04-20 19:21:51'),(87,57,3,'impedit',9,'1999-08-20 08:51:25'),(88,19,1,'voluptates',53,'1983-04-11 01:07:49'),(89,45,3,'aut',29484625,'1984-05-20 03:22:56'),(90,5,4,'eos',0,'1982-12-19 14:34:28'),(91,65,2,'aut',4421112,'2004-12-17 04:49:44'),(92,65,3,'quisquam',0,'2003-12-09 22:03:31'),(93,48,4,'hic',10413,'2008-03-28 03:02:29'),(94,78,2,'qui',76003006,'2020-12-19 17:23:10'),(95,50,1,'et',0,'2011-03-14 09:15:56'),(96,29,4,'ut',863584,'1979-01-06 12:05:42'),(97,72,1,'incidunt',289543279,'1974-03-28 10:12:33'),(98,58,4,'ut',8143,'1991-04-06 18:48:36'),(99,25,1,'quidem',42,'2011-11-08 13:17:26'),(100,10,4,'qui',59481,'2002-06-25 13:01:23');
/*!40000 ALTER TABLE `media` ENABLE KEYS */;
UNLOCK TABLES;

--
-- Table structure for table `media_types`
--

DROP TABLE IF EXISTS `media_types`;
/*!40101 SET @saved_cs_client     = @@character_set_client */;
/*!40101 SET character_set_client = utf8 */;
CREATE TABLE `media_types` (
  `id` bigint(20) unsigned NOT NULL AUTO_INCREMENT,
  `name` varchar(200) COLLATE utf8mb4_unicode_ci NOT NULL,
  PRIMARY KEY (`id`),
  UNIQUE KEY `id` (`id`),
  UNIQUE KEY `name` (`name`)
) ENGINE=InnoDB AUTO_INCREMENT=5 DEFAULT CHARSET=utf8mb4 COLLATE=utf8mb4_unicode_ci;
/*!40101 SET character_set_client = @saved_cs_client */;

--
-- Dumping data for table `media_types`
--

LOCK TABLES `media_types` WRITE;
/*!40000 ALTER TABLE `media_types` DISABLE KEYS */;
INSERT INTO `media_types` VALUES (4,'aperiam'),(3,'enim'),(2,'labore'),(1,'officia');
/*!40000 ALTER TABLE `media_types` ENABLE KEYS */;
UNLOCK TABLES;

--
-- Table structure for table `messages`
--

DROP TABLE IF EXISTS `messages`;
/*!40101 SET @saved_cs_client     = @@character_set_client */;
/*!40101 SET character_set_client = utf8 */;
CREATE TABLE `messages` (
  `id` bigint(20) unsigned NOT NULL AUTO_INCREMENT,
  `from_user_id` bigint(20) unsigned NOT NULL,
  `to_user_id` bigint(20) unsigned NOT NULL,
  `txt` text COLLATE utf8mb4_unicode_ci NOT NULL,
  `is_delivered` tinyint(1) DEFAULT 0,
  `created_at` datetime NOT NULL DEFAULT current_timestamp(),
  `updated_at` datetime DEFAULT current_timestamp() ON UPDATE current_timestamp() COMMENT 'Время обновления строки',
  PRIMARY KEY (`id`),
  UNIQUE KEY `id` (`id`),
  KEY `from_user_id` (`from_user_id`),
  KEY `to_user_id` (`to_user_id`),
  CONSTRAINT `fk_messages_users_1` FOREIGN KEY (`from_user_id`) REFERENCES `users` (`id`),
  CONSTRAINT `fk_messages_users_2` FOREIGN KEY (`to_user_id`) REFERENCES `users` (`id`)
) ENGINE=InnoDB AUTO_INCREMENT=101 DEFAULT CHARSET=utf8mb4 COLLATE=utf8mb4_unicode_ci;
/*!40101 SET character_set_client = @saved_cs_client */;

--
-- Dumping data for table `messages`
--

LOCK TABLES `messages` WRITE;
/*!40000 ALTER TABLE `messages` DISABLE KEYS */;
INSERT INTO `messages` VALUES (1,44,19,'Accusantium dolore voluptatem ad aut ex adipisci esse.',1,'1994-03-13 08:56:27','1995-07-02 18:22:48'),(2,51,62,'Ut aut quo officia asperiores non ipsum.',0,'1972-09-09 05:09:37','1976-09-12 00:59:03'),(3,54,39,'Repudiandae consectetur unde incidunt sit a maiores.',0,'2006-07-08 02:56:24','1986-01-10 22:24:33'),(4,61,47,'Deserunt quae sit corporis in praesentium eveniet.',1,'1993-08-17 18:32:23','1974-11-26 15:25:49'),(5,52,42,'Nobis suscipit aut aut modi et.',0,'1974-06-08 02:00:00','2016-07-04 06:41:49'),(6,42,76,'Quas et deleniti ullam.',0,'2014-10-24 20:41:49','1987-07-21 00:32:39'),(7,86,35,'Eum et iste maxime iure enim.',0,'2017-08-01 03:08:01','2017-09-19 17:37:50'),(8,6,75,'Laudantium dolor rerum maxime qui.',0,'1981-05-23 05:15:12','2004-05-22 16:22:55'),(9,100,11,'Quaerat quaerat unde sunt eos.',0,'1982-11-21 03:22:09','2005-06-16 22:21:19'),(10,30,47,'Ullam sapiente ut dolorem voluptate est.',0,'1985-04-21 10:07:55','2002-12-16 03:35:40'),(11,38,25,'Labore officiis tenetur cum doloremque eos et nostrum.',1,'2010-09-22 01:21:04','2018-06-18 03:04:15'),(12,30,46,'Voluptates maxime exercitationem recusandae sint quas est.',1,'2019-10-12 08:29:53','1987-11-05 01:36:24'),(13,82,57,'Molestiae molestiae accusamus voluptatum.',1,'1994-11-02 14:15:22','1982-12-12 14:51:01'),(14,70,53,'Adipisci cupiditate in placeat est explicabo qui libero.',0,'1973-12-27 22:28:03','1978-08-27 21:55:52'),(15,79,43,'Aut qui aspernatur inventore nam molestiae est.',1,'1991-07-11 21:59:27','1997-10-19 08:19:41'),(16,65,22,'Et vero doloremque consequatur et fugiat.',0,'1977-07-21 23:05:14','2002-01-30 08:10:48'),(17,61,15,'Saepe sint possimus omnis.',1,'2020-10-14 05:21:19','1980-06-23 18:38:08'),(18,84,15,'Et quidem quas quam ab et corrupti ut voluptatem.',0,'1978-02-19 04:50:52','1979-07-29 06:18:43'),(19,53,45,'Velit itaque dicta voluptatum quas consequuntur.',0,'1977-04-30 06:00:41','1994-12-27 08:44:45'),(20,61,5,'Id odio quasi possimus molestiae ea aut nulla.',0,'2019-06-02 06:57:23','1991-08-07 01:05:07'),(21,86,3,'Sint ut corporis nam dicta occaecati expedita qui.',0,'1991-07-21 03:31:03','1997-02-02 15:12:40'),(22,80,71,'Ea et saepe rerum quae placeat.',1,'2013-06-26 21:37:59','1974-11-16 00:57:51'),(23,37,86,'Asperiores dolores est aut qui ducimus fuga vel.',0,'1987-03-02 08:44:57','2011-07-11 08:38:43'),(24,46,36,'Pariatur et quia velit.',0,'1998-04-23 16:16:27','1994-09-16 05:48:38'),(25,96,76,'Cupiditate quidem nemo deserunt et itaque voluptatum eum.',0,'2004-02-07 08:12:43','1993-03-31 07:07:38'),(26,83,33,'Officiis exercitationem aut nesciunt quaerat omnis rem corrupti illum.',1,'1997-09-02 03:04:52','1986-06-23 23:12:33'),(27,100,12,'Est et nam qui et aspernatur.',0,'1994-01-22 04:12:08','1995-02-06 21:30:38'),(28,79,82,'Ex architecto quis incidunt culpa.',0,'2002-02-26 22:30:09','1988-07-04 21:03:23'),(29,68,49,'Provident aut dolore eos magnam possimus similique dicta.',0,'2002-05-31 02:24:37','1974-02-20 21:16:56'),(30,35,47,'Odio error facilis sit fugit.',0,'2017-03-21 01:32:23','2018-10-19 21:02:13'),(31,91,99,'Et quibusdam praesentium mollitia nam hic.',0,'1991-11-16 08:22:55','1994-01-24 00:11:34'),(32,69,52,'Iusto consectetur perspiciatis possimus dolorem beatae.',0,'1980-02-15 04:11:32','1984-01-23 15:38:59'),(33,13,52,'Perferendis tempore expedita vel sed.',1,'2010-07-01 17:25:43','1992-04-17 01:30:11'),(34,66,66,'Est amet ut et numquam dolor.',0,'1978-07-03 10:21:45','1973-02-25 22:25:23'),(35,97,27,'Ratione quod qui eligendi ducimus.',0,'2000-11-19 00:45:52','2005-12-31 20:41:23'),(36,71,82,'Iusto repellendus voluptatem temporibus qui excepturi iure tempore.',1,'2017-08-04 15:01:31','2000-10-28 16:06:45'),(37,29,51,'Atque veritatis voluptatem accusantium et eveniet.',0,'1979-04-14 16:21:13','2012-10-02 10:26:41'),(38,53,65,'Doloribus consequuntur iusto id consequuntur est non aliquid quisquam.',0,'2017-06-10 15:24:12','1995-09-30 12:32:40'),(39,36,99,'Ab repellat eius et aut aut voluptas exercitationem.',1,'1989-09-23 05:00:53','1998-09-06 22:17:43'),(40,1,31,'Debitis ipsa earum ex ipsa sunt.',1,'1991-01-28 17:57:07','2013-11-29 00:21:45'),(41,74,83,'Voluptatem tenetur et unde tenetur eos.',1,'2000-02-19 11:31:56','2010-12-29 21:47:29'),(42,64,73,'Quia error est incidunt consequatur tempore non minima quod.',1,'2012-09-27 23:46:22','1998-11-09 22:09:11'),(43,95,42,'Praesentium alias ullam voluptates eius et quasi odio.',1,'1997-10-30 00:09:43','2016-05-31 07:13:18'),(44,55,63,'Voluptate qui non provident et vero.',1,'2009-11-14 17:34:15','1997-04-16 22:28:06'),(45,90,89,'Fuga exercitationem consequatur cumque quis ut.',1,'2009-01-07 07:43:41','1982-08-06 18:28:43'),(46,9,81,'Corrupti ut eum sit illo cum id est.',1,'1987-07-26 21:16:17','1988-09-20 23:22:32'),(47,87,77,'Commodi molestiae iure et laboriosam aut voluptates aut.',1,'1989-01-20 20:45:05','2012-08-08 02:28:21'),(48,32,100,'Et possimus doloremque est qui architecto cumque.',0,'1990-01-26 19:34:40','2010-02-18 09:31:38'),(49,29,98,'Eaque dolorem aperiam veritatis consequatur rerum pariatur.',0,'1994-08-21 18:05:38','1997-10-08 17:13:36'),(50,66,25,'Est omnis et animi facilis dolor ea omnis.',0,'2005-04-18 17:39:48','2016-06-05 19:22:44'),(51,24,36,'Deleniti cumque asperiores neque accusantium dolorem laudantium.',1,'2003-03-03 20:45:04','2013-07-28 17:58:01'),(52,7,53,'Quis quia iste beatae aut qui omnis velit.',1,'1984-11-28 14:02:31','1996-06-24 04:55:45'),(53,87,60,'Voluptatum adipisci ducimus dicta voluptatem quisquam similique.',0,'1984-08-26 10:34:56','1981-06-28 17:46:19'),(54,18,22,'Ipsum similique fuga eligendi doloribus magnam voluptatem aut eum.',1,'2002-10-13 15:35:31','1987-07-09 13:41:00'),(55,58,18,'Tenetur odit aut at consequuntur minus numquam.',0,'2002-01-04 23:57:13','1990-11-06 03:48:16'),(56,53,31,'Quisquam ipsum reiciendis non.',0,'2011-01-19 07:57:53','1977-03-29 19:46:26'),(57,1,16,'Accusamus dolor voluptatem rerum suscipit nihil sapiente adipisci.',0,'2013-04-30 11:13:01','1991-08-27 21:13:37'),(58,4,95,'Placeat eligendi quaerat ab cumque odio ipsum voluptatibus pariatur.',1,'1982-12-22 15:22:24','2009-04-06 18:11:14'),(59,58,58,'Magnam qui nihil similique dolorum quidem ea et.',0,'1998-03-28 10:33:26','2001-05-30 05:59:29'),(60,57,48,'Repellendus officia quam est illum officia sunt ut.',0,'2001-10-07 06:13:44','1992-01-03 23:26:10'),(61,46,66,'Consequatur numquam soluta praesentium voluptas ut aut.',0,'1985-04-04 16:41:35','1996-12-17 16:39:15'),(62,28,33,'Vel natus nisi repudiandae maxime autem dolorem.',1,'1986-06-02 14:29:52','1982-12-29 13:39:40'),(63,42,60,'Provident facere aut nam error dolores quia mollitia.',1,'1974-10-18 20:17:43','2014-03-22 02:10:21'),(64,32,71,'Ipsam est molestias quibusdam voluptate cupiditate omnis tempore dolor.',1,'1974-11-28 14:47:39','1975-01-13 08:07:53'),(65,57,97,'Ipsa nam facilis laudantium.',0,'2003-10-14 09:25:14','2016-02-10 04:59:09'),(66,96,81,'Rerum tempora quia et aut.',1,'1972-05-30 19:31:10','1984-09-27 14:17:01'),(67,33,2,'Ab tenetur deserunt commodi sit.',0,'1974-02-16 21:28:06','1999-04-20 07:43:37'),(68,33,19,'Mollitia esse quibusdam et impedit.',1,'1997-03-08 14:29:31','1983-02-21 23:21:55'),(69,61,50,'Est numquam dolorum sit distinctio impedit aut sed saepe.',0,'2016-12-22 09:32:38','1984-01-16 08:10:03'),(70,41,19,'Magni ipsum maxime ut amet.',0,'2020-09-29 00:12:03','1983-07-12 23:53:27'),(71,68,94,'Ipsa at quae quia quasi expedita molestiae neque.',0,'2012-12-26 09:49:31','1995-09-21 02:18:25'),(72,49,68,'Totam minima sunt aspernatur dolorem dolorem soluta est.',1,'1979-04-16 09:11:10','1994-08-30 16:47:29'),(73,10,53,'Culpa in voluptas sunt eligendi inventore perferendis officiis.',0,'2001-07-08 12:27:33','2014-09-14 07:57:26'),(74,63,67,'Minima voluptas hic saepe quisquam.',0,'1988-12-17 08:23:34','1982-03-20 08:51:31'),(75,10,20,'Optio eius et est.',1,'1982-09-05 23:57:27','1970-11-05 16:33:37'),(76,14,56,'Soluta delectus harum officiis et.',1,'1996-12-18 05:08:05','1985-08-11 06:45:49'),(77,85,42,'Sint incidunt est delectus voluptatibus vel.',0,'2015-08-22 02:27:52','1996-11-17 15:45:29'),(78,88,27,'Aut mollitia perferendis explicabo nihil.',1,'2005-10-18 19:49:39','1986-12-15 15:48:36'),(79,1,19,'Iste iusto provident voluptatem eius totam.',1,'2005-07-14 00:44:44','2002-11-18 11:42:06'),(80,97,58,'Rem veniam voluptas assumenda.',1,'1974-05-01 01:50:17','1974-04-02 20:37:39'),(81,16,92,'Itaque nihil ut aut qui autem iure aperiam.',0,'1980-04-02 07:27:19','1993-07-24 13:34:49'),(82,38,49,'Veritatis quasi eos et.',1,'1989-03-10 16:03:55','1981-05-10 21:28:13'),(83,94,70,'Deleniti consequatur quam numquam aut ad aspernatur.',1,'2013-12-30 06:43:10','2008-01-26 14:59:44'),(84,68,54,'Et rem voluptas veniam hic id fugit ullam nihil.',1,'1994-11-06 16:38:38','1975-09-12 20:59:51'),(85,20,9,'Ipsa voluptatibus eos iure repellat aut nam placeat.',1,'1975-12-21 09:28:56','2016-12-09 19:52:34'),(86,72,87,'Facere voluptate quos ipsam at qui.',1,'1972-02-02 17:02:17','1992-05-05 12:48:43'),(87,2,21,'Earum voluptatem laborum suscipit optio.',1,'1992-12-19 16:14:58','1985-01-27 22:44:36'),(88,55,12,'Eligendi rem doloribus ipsam consequatur ab natus.',1,'1973-09-14 19:25:25','2010-04-23 18:02:32'),(89,73,17,'At voluptatum perferendis maiores et.',0,'1980-05-29 22:17:07','2000-12-29 10:10:27'),(90,78,83,'Repudiandae odit animi eius et voluptatibus neque labore.',1,'2007-10-09 02:09:08','1985-06-09 08:40:46'),(91,36,92,'Nobis tenetur et veritatis modi est ratione in voluptas.',0,'2014-12-31 01:00:18','2010-03-29 11:53:46'),(92,38,20,'Distinctio cum aperiam labore voluptate.',1,'2000-01-23 20:42:46','1981-02-23 18:25:03'),(93,34,25,'Est et qui distinctio dolor.',0,'1974-03-15 09:17:51','2018-08-01 09:01:43'),(94,46,34,'Nihil tenetur quasi velit.',0,'2015-02-27 03:19:32','1988-11-06 09:52:06'),(95,44,43,'Amet et iusto autem voluptatem quo.',1,'2014-03-02 03:28:22','1984-02-16 23:29:49'),(96,91,60,'Quia distinctio ut qui aut et.',0,'1999-10-28 20:03:18','2010-08-02 08:14:14'),(97,34,29,'Odit ex perferendis ullam qui maiores quis.',0,'2012-03-29 03:00:35','2016-04-02 10:24:50'),(98,8,27,'Perferendis totam eveniet corporis quis velit iusto dolore in.',0,'2016-08-06 21:05:22','2009-02-24 01:58:54'),(99,99,75,'Autem alias qui dolores itaque quae quia numquam laborum.',1,'1988-03-30 17:09:45','1973-02-11 22:55:58'),(100,81,18,'Provident enim et saepe omnis non et id.',1,'1975-04-08 01:06:28','1972-05-16 15:09:32');
/*!40000 ALTER TABLE `messages` ENABLE KEYS */;
UNLOCK TABLES;

--
-- Table structure for table `profile_likes`
--

DROP TABLE IF EXISTS `profile_likes`;
/*!40101 SET @saved_cs_client     = @@character_set_client */;
/*!40101 SET character_set_client = utf8 */;
CREATE TABLE `profile_likes` (
  `from_user_id` bigint(20) unsigned NOT NULL,
  `to_profile_id` bigint(20) unsigned NOT NULL,
  `liked_at` datetime DEFAULT current_timestamp(),
  PRIMARY KEY (`from_user_id`,`to_profile_id`),
  KEY `fk_profile_like_to_user_id` (`to_profile_id`),
  CONSTRAINT `fk_profile_like_from_user_id` FOREIGN KEY (`from_user_id`) REFERENCES `users` (`id`),
  CONSTRAINT `fk_profile_like_to_user_id` FOREIGN KEY (`to_profile_id`) REFERENCES `users` (`id`),
  CONSTRAINT `dont_like_yourself` CHECK (`from_user_id` <> `to_profile_id`)
) ENGINE=InnoDB DEFAULT CHARSET=utf8mb4 COLLATE=utf8mb4_unicode_ci;
/*!40101 SET character_set_client = @saved_cs_client */;

--
-- Dumping data for table `profile_likes`
--

LOCK TABLES `profile_likes` WRITE;
/*!40000 ALTER TABLE `profile_likes` DISABLE KEYS */;
INSERT INTO `profile_likes` VALUES (1,17,'1994-10-02 09:52:37'),(2,65,'1971-07-16 22:05:24'),(3,7,'2017-08-06 12:43:42'),(3,9,'1980-03-26 12:32:24'),(3,21,'1979-08-17 00:43:50'),(4,83,'2007-11-25 18:22:11'),(5,42,'1979-12-08 17:14:08'),(6,52,'1980-04-28 12:05:41'),(6,65,'1991-01-26 03:38:53'),(8,83,'2007-11-01 20:37:30'),(9,66,'1979-07-27 06:07:45'),(9,86,'1993-06-19 06:27:45'),(11,69,'1984-11-05 09:59:34'),(12,97,'2020-07-10 19:39:31'),(13,86,'1971-07-17 09:44:20'),(15,33,'2016-09-06 14:41:27'),(16,48,'1992-12-15 02:30:17'),(16,49,'1985-10-05 19:11:40'),(17,96,'1998-12-01 16:37:42'),(18,6,'2020-02-18 08:45:12'),(19,30,'2002-08-17 13:24:02'),(20,36,'2002-08-06 12:10:57'),(20,84,'1993-12-07 12:48:51'),(21,31,'2008-07-06 20:43:23'),(23,99,'1997-04-15 16:42:48'),(27,23,'1991-10-08 11:27:21'),(28,17,'1995-02-03 01:42:06'),(28,80,'1972-07-26 14:29:52'),(29,98,'2005-11-07 04:13:02'),(30,43,'2021-04-30 06:54:19'),(30,93,'2013-04-22 03:57:39'),(31,12,'2005-04-19 12:31:13'),(31,86,'2011-10-25 00:35:37'),(32,54,'1995-01-10 19:02:00'),(32,93,'1975-01-06 23:14:24'),(34,14,'1975-09-22 19:04:19'),(34,79,'1994-11-25 18:52:30'),(36,5,'1991-02-20 09:46:03'),(36,57,'1995-02-14 20:11:16'),(37,32,'1977-04-02 08:56:23'),(38,19,'1998-10-04 13:45:40'),(39,9,'2017-03-18 18:33:37'),(40,91,'1989-05-24 05:39:26'),(41,44,'2016-10-02 12:47:23'),(44,51,'1989-08-24 20:57:22'),(45,89,'1978-05-13 15:08:24'),(45,99,'2017-08-14 21:02:45'),(47,78,'2011-01-02 13:12:53'),(48,4,'1986-06-29 09:07:33'),(49,45,'1981-11-28 00:26:54'),(51,84,'2013-12-27 12:06:42'),(53,17,'1991-12-22 04:44:17'),(53,68,'2020-09-29 21:16:53'),(54,50,'1982-01-21 10:58:31'),(54,96,'1975-12-09 12:12:57'),(55,51,'1977-01-07 16:18:42'),(57,38,'1991-07-25 15:35:50'),(57,90,'1995-08-05 04:23:07'),(59,92,'2008-01-19 17:02:09'),(60,21,'1979-11-19 06:02:09'),(61,24,'1997-10-28 16:37:15'),(64,17,'1975-07-13 15:08:22'),(65,70,'1985-04-22 00:30:24'),(67,99,'1971-06-11 10:42:41'),(68,38,'1987-08-31 06:59:44'),(68,48,'2002-10-26 17:08:34'),(68,88,'1997-06-10 00:18:44'),(70,23,'1997-06-08 00:50:03'),(71,32,'2001-05-14 22:18:37'),(74,65,'2013-07-14 21:33:08'),(74,71,'2014-06-18 12:12:41'),(75,15,'1976-02-16 02:21:35'),(78,37,'2009-11-18 09:39:23'),(78,77,'1984-12-02 23:13:54'),(78,86,'1972-08-26 09:13:33'),(80,78,'1997-04-13 19:10:08'),(81,72,'1997-09-19 03:20:38'),(83,6,'2002-03-02 23:24:42'),(83,14,'2019-09-20 15:22:04'),(83,76,'1981-03-02 14:07:46'),(83,84,'1984-01-07 11:54:40'),(85,12,'1998-05-03 15:17:06'),(85,80,'2019-01-22 08:39:13'),(86,16,'1986-09-21 11:23:50'),(86,37,'2002-04-06 11:54:13'),(86,88,'1988-10-19 03:43:31'),(87,80,'2014-12-08 01:50:11'),(88,31,'1990-04-29 19:35:57'),(89,41,'1984-05-18 23:15:26'),(89,66,'2015-03-20 21:00:35'),(89,99,'2002-10-28 14:41:53'),(92,10,'2000-12-23 00:32:52'),(92,86,'1998-05-05 20:35:29'),(96,21,'2012-03-24 09:54:34'),(96,86,'2000-06-23 20:57:06'),(97,20,'1990-12-12 04:03:35'),(97,46,'1990-04-09 13:51:22'),(98,48,'1972-08-10 16:04:18'),(98,76,'1990-04-11 12:21:18'),(100,61,'2004-02-14 02:56:10');
/*!40000 ALTER TABLE `profile_likes` ENABLE KEYS */;
UNLOCK TABLES;

--
-- Table structure for table `profiles`
--

DROP TABLE IF EXISTS `profiles`;
/*!40101 SET @saved_cs_client     = @@character_set_client */;
/*!40101 SET character_set_client = utf8 */;
CREATE TABLE `profiles` (
  `user_id` bigint(20) unsigned NOT NULL AUTO_INCREMENT,
  `gender` enum('f','m','x') COLLATE utf8mb4_unicode_ci DEFAULT NULL,
  `birthday` date NOT NULL,
  `photo_id` bigint(20) unsigned DEFAULT NULL,
  `city` varchar(130) COLLATE utf8mb4_unicode_ci DEFAULT NULL,
  `country` varchar(130) COLLATE utf8mb4_unicode_ci DEFAULT NULL,
  PRIMARY KEY (`user_id`),
  UNIQUE KEY `user_id` (`user_id`),
  CONSTRAINT `profiles_ibfk_1` FOREIGN KEY (`user_id`) REFERENCES `users` (`id`)
) ENGINE=InnoDB AUTO_INCREMENT=101 DEFAULT CHARSET=utf8mb4 COLLATE=utf8mb4_unicode_ci;
/*!40101 SET character_set_client = @saved_cs_client */;

--
-- Dumping data for table `profiles`
--

LOCK TABLES `profiles` WRITE;
/*!40000 ALTER TABLE `profiles` DISABLE KEYS */;
INSERT INTO `profiles` VALUES (1,'f','2012-01-25',99,'Rodrigoland','Ireland'),(2,'x','1971-02-20',48,'Balistrerimouth','Liechtenstein'),(3,'f','2018-09-05',26,'Millerhaven','New Caledonia'),(4,'m','2017-01-25',31,'Bogisichchester','Mauritius'),(5,'m','1975-04-01',33,'Port Breanneport','Syrian Arab Republic'),(6,'x','2006-05-20',13,'Lake Toy','Azerbaijan'),(7,'x','2009-09-05',15,'Schillerton','Uganda'),(8,'m','1980-09-29',76,'Bernhardhaven','Germany'),(9,'f','2001-01-04',29,'Lynchmouth','Korea'),(10,'m','1984-09-28',37,'Port Hermann','Canada'),(11,'m','1983-05-14',13,'West Ada','Tuvalu'),(12,'f','2019-01-15',27,'Sabinashire','Burkina Faso'),(13,'m','1992-11-22',24,'Aurelieburgh','Uzbekistan'),(14,'m','1990-08-11',32,'East Glennaburgh','Senegal'),(15,'x','1983-05-25',26,'Port Rocio','Marshall Islands'),(16,'m','2019-04-16',98,'Othoville','Saint Vincent and the Grenadines'),(17,'f','1972-03-09',68,'New Elissastad','Jamaica'),(18,'m','1989-06-23',23,'New Laisha','Ethiopia'),(19,'x','1991-05-04',58,'Lake Jennifer','Panama'),(20,'x','2019-06-20',15,'Lukaston','Sri Lanka'),(21,'x','2006-11-21',76,'East Shanny','Faroe Islands'),(22,'m','2009-04-16',80,'Kesslerfurt','Algeria'),(23,'m','2021-02-23',91,'Lake Darien','United Kingdom'),(24,'m','1989-09-30',3,'Wymanland','Sao Tome and Principe'),(25,'x','2009-08-24',53,'Rohanbury','Mozambique'),(26,'x','2008-01-10',14,'Sydnifort','Bulgaria'),(27,'f','2000-07-22',98,'Port Nona','Kenya'),(28,'m','1973-01-02',10,'Dickensfurt','Bangladesh'),(29,'f','1984-01-27',76,'Hanehaven','Indonesia'),(30,'x','2012-07-29',19,'North Irwin','Lao People\'s Democratic Republic'),(31,'f','2015-02-09',92,'Vallietown','Netherlands Antilles'),(32,'m','1985-08-23',74,'North Bradlyview','Palestinian Territory'),(33,'m','1995-02-02',67,'Ardellaberg','Guyana'),(34,'m','1986-08-13',17,'Loisview','Dominica'),(35,'x','2006-03-26',5,'Lake Jazmin','Poland'),(36,'f','2000-08-23',100,'South Meda','Tuvalu'),(37,'x','2001-03-05',29,'Abdielmouth','Zimbabwe'),(38,'m','1998-01-25',20,'Port Vanceton','Svalbard & Jan Mayen Islands'),(39,'f','1989-12-24',75,'North Matteoside','Romania'),(40,'f','2002-04-08',58,'Hodkiewiczbury','Turks and Caicos Islands'),(41,'m','1978-03-14',56,'Malikaport','Croatia'),(42,'m','2000-06-03',88,'Millerville','Turks and Caicos Islands'),(43,'f','2003-02-06',84,'Lake Connie','Hong Kong'),(44,'f','1977-11-24',80,'North Cadenshire','Jordan'),(45,'m','1975-08-26',20,'Ernserhaven','New Zealand'),(46,'m','2017-12-14',10,'New Nola','Western Sahara'),(47,'f','2001-11-11',78,'Santinaville','Uganda'),(48,'f','2007-06-10',88,'North Ellis','Chad'),(49,'m','2010-09-14',32,'Marcusbury','Iran'),(50,'f','2000-06-21',36,'West Isaimouth','El Salvador'),(51,'m','2019-08-12',2,'West Adaline','China'),(52,'f','1974-02-14',8,'North Ezra','Grenada'),(53,'m','2015-05-26',15,'East Walton','United States Minor Outlying Islands'),(54,'m','2009-08-10',92,'West Josueshire','South Georgia and the South Sandwich Islands'),(55,'m','1977-08-04',11,'New Sandy','Dominica'),(56,'m','2015-04-12',68,'Bartolettitown','Kiribati'),(57,'x','1976-06-05',6,'Port Akeem','Nepal'),(58,'m','2011-04-13',8,'Kossport','Korea'),(59,'m','1989-09-06',78,'O\'Konside','Syrian Arab Republic'),(60,'m','1976-12-01',81,'Lake Teaganfurt','Mali'),(61,'x','2012-06-27',27,'Port Chadtown','Malta'),(62,'m','1972-07-02',69,'Konopelskifurt','Venezuela'),(63,'m','2004-06-14',55,'West Tyrique','Bhutan'),(64,'f','1984-07-31',94,'Mullermouth','Japan'),(65,'x','2009-12-31',85,'Consueloburgh','Trinidad and Tobago'),(66,'x','1983-02-22',60,'New Fatimafort','Estonia'),(67,'x','2002-10-12',93,'Lake Gilbertbury','American Samoa'),(68,'m','1999-02-14',14,'Sipesmouth','Switzerland'),(69,'f','2006-05-22',79,'Schoenburgh','Jamaica'),(70,'f','2008-05-24',67,'East Jace','Singapore'),(71,'f','2001-04-25',71,'Lucianoberg','Mayotte'),(72,'f','2010-07-04',35,'West Lorenzville','Saint Pierre and Miquelon'),(73,'x','1972-10-10',55,'South Anya','India'),(74,'m','2003-08-02',54,'Marafurt','Morocco'),(75,'x','1988-08-29',15,'East Nicole','Zambia'),(76,'x','1988-04-23',74,'Thielborough','Peru'),(77,'x','1971-03-04',64,'West Salvador','Palestinian Territory'),(78,'f','2019-07-13',92,'South Jayme','Ethiopia'),(79,'m','1971-06-14',61,'West Francisstad','Mozambique'),(80,'x','1989-01-24',95,'North Noel','Macao'),(81,'x','1998-03-09',27,'Evaton','Samoa'),(82,'x','1980-06-15',63,'Nestormouth','Bermuda'),(83,'m','2001-01-24',2,'East Walterstad','Ecuador'),(84,'m','2004-06-16',42,'Port America','Samoa'),(85,'m','1983-02-18',55,'East Harry','Lebanon'),(86,'x','2002-07-22',12,'South Darrin','Pakistan'),(87,'x','1985-11-05',10,'Jalenshire','Finland'),(88,'f','1995-06-17',60,'Rahulton','Namibia'),(89,'x','1984-10-18',20,'New Maia','Turkey'),(90,'x','1996-04-11',87,'Muhammadchester','Aruba'),(91,'x','1988-06-10',41,'Candiceport','United Arab Emirates'),(92,'x','1974-12-20',47,'Port Rudolphchester','Iraq'),(93,'m','2014-11-10',55,'Blickton','Kyrgyz Republic'),(94,'f','1980-08-12',95,'Dellborough','Swaziland'),(95,'f','1991-06-21',40,'East Nestor','Netherlands Antilles'),(96,'x','1994-04-17',40,'Giaton','Turkey'),(97,'m','1981-11-18',54,'South Judgechester','Palestinian Territory'),(98,'f','1998-10-30',32,'New Theobury','Sao Tome and Principe'),(99,'x','1998-12-22',53,'East Jed','Bahamas'),(100,'f','2007-09-16',33,'East Godfreytown','United States Minor Outlying Islands');
/*!40000 ALTER TABLE `profiles` ENABLE KEYS */;
UNLOCK TABLES;

--
-- Table structure for table `publication_likes`
--

DROP TABLE IF EXISTS `publication_likes`;
/*!40101 SET @saved_cs_client     = @@character_set_client */;
/*!40101 SET character_set_client = utf8 */;
CREATE TABLE `publication_likes` (
  `from_user_id` bigint(20) unsigned NOT NULL,
  `to_publication_id` bigint(20) unsigned NOT NULL,
  `liked_at` datetime DEFAULT current_timestamp(),
  PRIMARY KEY (`from_user_id`,`to_publication_id`),
  KEY `fk_publication_id` (`to_publication_id`),
  CONSTRAINT `fk_publication_id` FOREIGN KEY (`to_publication_id`) REFERENCES `publish` (`id`),
  CONSTRAINT `fk_publication_like_from_user_id` FOREIGN KEY (`from_user_id`) REFERENCES `users` (`id`)
) ENGINE=InnoDB DEFAULT CHARSET=utf8mb4 COLLATE=utf8mb4_unicode_ci;
/*!40101 SET character_set_client = @saved_cs_client */;

--
-- Dumping data for table `publication_likes`
--

LOCK TABLES `publication_likes` WRITE;
/*!40000 ALTER TABLE `publication_likes` DISABLE KEYS */;
INSERT INTO `publication_likes` VALUES (2,40,'2015-10-30 11:52:44'),(2,86,'1982-08-24 04:56:53'),(2,174,'2000-05-12 20:47:43'),(2,200,'1975-03-16 17:33:15'),(2,258,'1987-04-14 10:53:13'),(2,271,'2019-09-16 12:24:59'),(2,374,'1996-02-03 02:10:48'),(3,52,'2013-01-31 10:24:06'),(3,238,'1985-09-04 18:25:54'),(3,382,'2003-09-04 04:07:33'),(4,248,'2014-10-28 16:22:00'),(4,265,'1985-01-13 12:16:38'),(4,281,'1976-09-14 00:54:27'),(5,182,'2010-04-21 19:46:20'),(5,323,'2014-07-01 20:36:54'),(5,337,'1993-11-21 17:59:32'),(6,20,'1985-08-22 21:37:01'),(6,133,'2010-09-12 18:36:35'),(6,303,'1984-02-25 18:37:29'),(6,313,'2014-09-28 02:00:55'),(6,324,'1999-01-19 10:27:23'),(6,346,'1977-05-19 18:44:53'),(7,344,'1994-12-25 16:32:18'),(7,373,'2007-08-26 11:09:18'),(7,392,'1997-08-15 00:27:33'),(8,97,'1987-06-24 18:13:57'),(8,138,'1970-12-16 10:00:39'),(8,226,'1987-06-22 03:13:32'),(9,7,'1994-04-06 01:32:15'),(9,39,'2005-08-12 04:36:46'),(9,278,'1973-10-05 20:00:50'),(9,313,'2010-10-18 01:44:41'),(10,68,'1978-09-22 07:35:46'),(10,78,'2007-11-14 17:13:48'),(10,319,'1979-04-30 12:51:59'),(10,346,'2018-09-26 10:30:28'),(10,389,'2010-02-09 03:08:21'),(11,58,'1972-03-05 15:04:48'),(11,102,'2019-11-10 12:27:46'),(11,192,'1976-03-26 18:20:32'),(11,295,'1976-12-16 18:07:25'),(12,131,'1989-09-23 15:13:16'),(12,383,'1987-11-10 17:51:08'),(13,31,'2009-06-25 23:16:29'),(13,38,'2017-02-16 21:13:24'),(13,303,'1992-01-03 08:41:48'),(13,354,'2013-07-26 14:20:32'),(14,2,'1982-07-20 03:13:28'),(14,44,'2007-08-09 18:17:10'),(14,93,'1978-04-20 14:24:30'),(14,131,'1987-06-12 16:09:59'),(14,289,'1993-03-25 05:29:36'),(14,350,'1987-02-23 14:53:21'),(14,357,'2002-06-28 14:18:09'),(15,201,'2007-07-31 11:59:00'),(15,250,'1998-12-23 16:54:12'),(15,288,'1998-11-21 13:45:52'),(15,297,'1982-04-01 21:37:22'),(15,350,'1978-03-31 21:39:36'),(16,100,'1971-09-18 13:00:33'),(16,127,'2008-08-23 13:18:08'),(16,138,'1983-05-06 14:53:06'),(16,180,'2015-06-02 05:46:33'),(16,183,'1980-05-16 23:03:48'),(16,211,'1978-02-04 05:25:13'),(16,312,'1974-03-22 02:36:23'),(16,332,'1977-04-25 11:18:28'),(17,126,'1979-08-06 21:14:27'),(17,323,'2012-11-24 16:55:51'),(17,394,'2006-11-05 04:40:10'),(18,109,'2015-04-21 02:16:52'),(18,233,'2011-12-06 21:02:42'),(18,388,'1984-02-01 15:08:56'),(19,257,'2001-10-09 07:11:45'),(19,300,'2021-06-01 22:51:16'),(20,129,'2016-07-08 17:16:34'),(20,136,'2000-12-22 18:56:41'),(20,140,'1980-08-28 22:28:24'),(20,200,'1987-01-31 00:05:32'),(20,269,'1982-03-04 22:42:21'),(20,311,'1984-12-28 07:26:17'),(20,327,'1985-09-21 16:48:58'),(20,340,'1976-03-23 23:26:34'),(20,376,'1976-01-03 21:12:56'),(21,69,'2006-08-03 09:30:45'),(21,118,'2017-08-11 20:16:49'),(21,243,'2006-11-09 20:45:59'),(21,297,'1975-01-27 19:03:35'),(21,329,'1999-06-14 15:47:54'),(23,9,'2007-11-24 02:30:42'),(23,126,'2017-03-31 07:33:57'),(23,214,'2017-06-06 11:49:20'),(23,279,'1978-06-16 19:33:41'),(23,330,'1994-08-31 05:10:37'),(24,93,'2015-02-11 20:33:29'),(24,187,'1997-06-09 03:43:49'),(24,323,'1979-02-12 13:42:35'),(24,387,'1992-08-18 16:51:32'),(25,21,'2008-02-12 14:49:03'),(25,194,'1997-08-11 16:15:11'),(25,289,'2008-09-27 19:15:24'),(26,19,'1975-03-25 17:54:18'),(26,175,'1989-04-21 09:56:59'),(26,197,'1971-12-02 10:46:07'),(26,255,'2008-07-13 18:28:49'),(27,93,'1988-06-14 13:32:22'),(27,122,'2001-03-14 14:49:09'),(27,169,'1984-11-11 06:52:54'),(27,252,'1982-11-15 01:57:05'),(27,365,'2013-03-08 11:08:39'),(28,109,'1989-10-16 00:51:39'),(28,173,'1985-02-21 13:43:11'),(29,28,'1978-01-18 16:24:01'),(29,53,'2004-07-19 13:41:44'),(29,70,'2004-06-30 08:56:04'),(29,130,'2013-11-04 19:20:29'),(29,231,'2004-01-21 19:09:21'),(29,269,'1995-06-27 23:49:31'),(29,272,'1997-01-30 17:29:44'),(29,351,'1992-09-16 09:58:11'),(29,371,'2005-08-10 00:49:36'),(29,379,'1972-02-12 20:29:34'),(30,83,'2006-12-05 13:52:51'),(30,104,'1987-03-28 14:34:46'),(30,107,'2018-08-09 19:50:24'),(30,145,'1992-07-02 23:32:14'),(30,368,'1988-08-17 22:45:28'),(30,372,'1997-06-01 04:47:15'),(31,33,'2004-03-18 22:50:29'),(31,126,'2009-07-29 19:06:16'),(31,176,'1997-04-04 07:03:33'),(31,193,'1984-07-21 23:17:32'),(31,222,'2010-02-15 06:29:50'),(32,78,'1975-02-07 05:08:29'),(32,231,'1987-09-20 07:16:02'),(32,289,'1996-11-24 15:34:43'),(32,305,'1994-03-11 12:11:25'),(32,358,'2010-08-10 02:24:00'),(33,68,'2006-02-25 04:15:25'),(33,163,'1998-10-20 15:11:38'),(33,246,'2010-09-04 17:09:33'),(33,299,'2002-01-26 05:24:58'),(34,59,'1990-10-10 22:23:08'),(34,121,'2014-04-14 22:56:39'),(34,164,'2011-11-03 11:46:17'),(34,271,'1976-05-06 15:02:34'),(34,384,'2006-08-20 15:55:37'),(34,398,'1991-07-12 00:13:53'),(35,89,'2019-05-01 00:44:31'),(35,90,'2007-03-04 17:13:46'),(35,256,'1996-10-10 23:58:10'),(36,17,'2020-01-24 11:37:23'),(36,185,'1981-02-23 00:29:26'),(36,203,'1986-02-20 07:30:52'),(37,12,'1970-07-13 13:23:20'),(38,265,'1983-05-22 14:27:10'),(39,102,'2008-02-16 19:05:19'),(39,216,'2006-03-10 09:32:28'),(39,266,'1973-07-14 22:27:43'),(40,187,'2010-11-11 14:29:18'),(40,255,'1970-05-30 19:25:29'),(40,338,'2005-02-21 22:05:43'),(41,1,'2000-09-06 04:55:33'),(41,183,'2013-04-07 20:37:23'),(41,222,'2008-09-28 03:57:01'),(41,235,'2004-07-04 08:33:33'),(41,325,'2014-03-14 12:38:18'),(42,6,'2012-12-20 08:50:20'),(42,85,'2015-04-12 17:12:02'),(42,124,'1982-06-26 22:17:58'),(42,175,'2001-06-29 16:12:36'),(42,278,'2005-11-03 11:48:55'),(42,299,'1993-01-28 10:01:04'),(42,384,'2008-12-19 15:33:01'),(43,41,'1979-04-02 07:29:16'),(43,125,'2004-06-19 19:26:22'),(43,229,'1981-09-11 04:26:08'),(44,116,'1999-04-30 13:11:34'),(44,120,'2013-12-09 20:25:54'),(45,17,'1981-01-25 21:28:47'),(45,61,'2001-02-15 23:40:08'),(45,176,'1970-01-01 02:26:28'),(45,190,'2004-03-03 08:06:18'),(45,194,'1995-10-04 18:18:17'),(45,198,'1976-11-18 22:43:25'),(46,169,'1996-04-14 04:48:39'),(46,342,'2007-07-19 16:53:58'),(47,30,'1981-02-02 21:44:23'),(47,164,'2007-09-28 06:05:15'),(47,335,'1997-01-18 07:06:47'),(47,352,'1978-05-26 07:09:42'),(48,42,'1980-08-26 22:43:14'),(48,45,'1972-12-07 14:31:14'),(48,48,'1987-11-22 19:53:57'),(48,240,'1970-06-29 01:03:43'),(48,271,'1977-02-14 14:32:33'),(48,313,'1999-02-23 02:34:01'),(49,18,'2009-07-27 17:54:44'),(49,88,'1971-11-27 08:24:53'),(49,183,'1970-02-27 11:32:39'),(49,306,'1988-08-06 20:32:20'),(49,322,'1970-11-20 00:15:13'),(50,65,'1976-03-10 10:38:39'),(50,67,'1991-08-26 18:00:26'),(50,88,'2011-02-27 12:00:03'),(50,240,'1978-01-13 21:18:06'),(50,289,'1986-07-13 20:02:19'),(51,31,'1995-04-10 18:59:35'),(51,186,'2002-12-02 10:01:20'),(51,340,'1988-12-10 00:18:58'),(51,386,'1989-09-20 00:04:00'),(51,394,'2011-08-11 15:41:49'),(52,53,'1970-05-22 13:28:25'),(52,77,'1975-04-19 13:41:30'),(52,80,'2014-09-01 06:27:35'),(52,113,'2005-04-09 12:34:26'),(52,286,'2002-02-23 13:23:06'),(52,349,'1971-04-11 05:08:12'),(53,117,'1999-02-17 22:52:07'),(53,171,'2000-06-05 05:27:10'),(53,184,'2017-07-29 11:52:07'),(53,281,'1978-04-27 20:52:53'),(53,358,'1980-07-18 03:58:33'),(54,14,'2005-04-21 23:04:49'),(54,35,'2018-03-20 13:40:29'),(54,131,'1977-12-02 03:26:35'),(54,211,'1990-11-17 18:38:51'),(54,271,'2018-12-19 01:21:21'),(54,355,'1991-04-05 03:50:24'),(55,38,'1999-07-15 15:46:10'),(55,320,'1985-10-22 11:16:59'),(55,377,'2015-02-12 07:03:51'),(55,384,'2012-03-04 13:39:26'),(56,86,'1980-05-01 13:16:55'),(56,151,'1981-04-06 16:49:05'),(57,15,'1984-08-27 23:49:56'),(57,55,'1976-04-24 19:45:55'),(57,102,'1990-10-12 12:52:12'),(57,208,'1978-06-16 16:37:39'),(57,219,'2010-06-29 16:41:46'),(57,246,'1976-03-25 13:53:54'),(57,249,'2000-07-08 07:37:02'),(57,388,'1971-06-18 01:35:54'),(57,389,'1970-11-22 12:04:08'),(58,307,'2011-09-28 10:35:12'),(58,356,'1971-04-27 15:38:13'),(58,390,'1995-08-09 00:44:32'),(59,208,'1989-09-17 03:59:09'),(59,268,'1980-05-26 07:30:29'),(60,54,'1979-04-13 17:29:49'),(60,104,'1978-07-09 16:55:50'),(60,120,'1971-05-23 05:09:49'),(60,185,'1995-02-02 22:34:28'),(60,197,'2002-09-11 21:11:15'),(60,199,'1984-11-25 01:02:04'),(60,254,'1983-12-11 05:25:08'),(60,284,'1984-12-08 20:22:52'),(60,351,'1975-10-18 06:39:10'),(61,156,'2021-04-08 03:40:47'),(61,208,'1996-06-23 00:41:43'),(61,213,'1971-05-30 19:22:13'),(62,11,'1995-04-07 22:09:01'),(62,90,'2014-01-12 05:47:11'),(62,128,'2014-03-02 19:14:30'),(62,325,'1997-08-28 19:16:49'),(62,340,'1998-01-11 05:32:57'),(63,95,'2000-10-21 15:37:09'),(64,86,'2017-04-30 14:35:06'),(64,156,'1990-07-03 18:11:14'),(64,169,'1986-02-25 13:55:46'),(64,216,'1970-11-20 22:34:07'),(64,258,'1974-07-02 03:45:25'),(65,351,'1974-04-07 01:23:15'),(65,388,'1995-04-09 09:42:57'),(65,391,'2011-08-02 03:25:40'),(66,26,'1980-04-27 22:03:56'),(66,238,'1994-04-13 08:00:21'),(66,273,'1984-03-26 09:23:17'),(66,285,'1976-12-30 01:15:42'),(67,154,'2016-09-12 20:04:11'),(67,261,'1972-10-30 05:14:33'),(67,262,'1990-06-29 09:27:04'),(67,271,'2012-11-01 18:07:12'),(68,18,'2009-05-24 12:57:21'),(68,81,'1970-04-30 04:17:04'),(68,233,'1981-10-27 16:36:26'),(69,13,'2016-08-21 22:17:28'),(69,33,'1986-03-16 05:54:33'),(69,109,'1982-11-21 13:00:21'),(69,167,'1971-10-16 01:13:28'),(69,186,'2010-10-02 10:58:39'),(69,271,'1989-11-23 01:24:26'),(69,366,'1993-12-11 05:16:05'),(70,192,'1977-02-09 01:13:22'),(71,208,'1999-09-12 00:45:02'),(71,213,'2002-10-04 19:56:00'),(71,246,'2008-06-09 21:03:21'),(71,299,'2006-09-20 02:35:17'),(71,391,'1993-11-17 14:08:31'),(72,137,'1978-02-23 08:39:00'),(72,212,'1988-01-17 15:33:27'),(72,261,'2001-04-24 08:35:07'),(73,273,'1988-06-16 01:50:59'),(73,299,'1997-07-30 01:57:38'),(74,373,'1989-05-10 21:44:45'),(75,81,'1997-04-13 10:41:29'),(76,214,'2014-12-12 18:01:13'),(76,325,'1976-04-09 09:01:43'),(76,376,'1982-04-29 17:43:03'),(76,387,'1973-01-17 17:26:22'),(77,52,'1971-09-29 13:24:07'),(77,54,'2008-12-17 01:29:43'),(77,157,'2011-07-16 23:48:07'),(77,223,'2019-05-16 15:35:30'),(78,143,'1985-04-13 01:31:26'),(79,98,'2015-02-19 18:16:12'),(79,226,'1979-12-23 13:17:24'),(80,5,'1999-08-05 12:50:44'),(80,25,'2000-10-08 05:29:14'),(80,119,'1994-03-27 00:45:36'),(80,124,'1984-10-03 04:50:10'),(80,168,'1991-10-31 16:06:41'),(80,190,'1976-07-15 14:19:47'),(80,291,'1980-08-11 01:38:06'),(81,54,'1986-01-19 09:37:34'),(81,69,'1989-02-20 16:35:10'),(81,105,'1994-08-25 16:49:14'),(81,114,'1986-06-29 15:01:38'),(81,240,'2005-05-26 12:06:41'),(81,284,'1990-11-23 10:15:42'),(81,342,'1977-02-19 03:34:27'),(82,123,'2014-03-03 18:52:16'),(82,219,'1976-10-31 01:04:37'),(83,189,'2018-03-02 15:48:24'),(83,289,'1989-03-06 03:19:29'),(83,379,'1994-04-17 14:53:07'),(84,27,'1989-01-09 00:42:20'),(84,152,'1992-03-16 18:24:35'),(84,168,'2007-12-14 09:44:07'),(84,207,'2015-07-13 04:06:20'),(84,275,'2018-04-28 17:09:43'),(85,15,'1973-12-09 08:08:08'),(85,39,'2008-09-06 15:01:41'),(85,154,'2014-12-17 16:53:34'),(85,229,'1979-12-09 20:19:26'),(85,239,'1977-01-23 16:53:08'),(85,305,'2019-03-03 19:51:13'),(85,349,'2010-07-29 05:00:05'),(86,8,'2002-01-08 02:11:26'),(86,43,'1989-03-18 15:22:09'),(86,73,'1971-02-21 03:58:42'),(86,109,'1998-01-12 15:17:59'),(86,189,'1993-01-10 18:20:06'),(86,314,'2012-06-11 06:50:18'),(87,135,'2006-05-04 05:31:06'),(87,326,'1988-06-10 07:32:57'),(87,345,'2013-09-16 00:38:12'),(88,392,'2006-09-11 19:26:02'),(89,30,'1998-10-14 20:26:08'),(89,40,'2014-08-26 10:41:18'),(89,76,'2016-02-14 02:03:09'),(90,311,'1999-05-22 10:17:40'),(91,131,'1985-01-30 06:05:21'),(91,184,'1991-08-06 08:01:53'),(91,191,'2011-09-07 08:51:26'),(92,68,'2004-01-05 05:01:11'),(92,136,'1981-05-08 12:45:56'),(93,105,'1999-02-06 13:45:18'),(94,5,'2004-06-19 17:10:05'),(94,91,'2004-12-02 05:42:15'),(94,96,'1985-07-09 23:51:52'),(94,276,'2002-03-20 06:48:43'),(94,289,'1979-01-18 04:10:17'),(95,25,'2015-04-05 16:45:57'),(95,71,'1977-12-07 08:55:31'),(95,143,'1976-08-18 13:39:48'),(95,227,'2010-11-05 14:08:45'),(95,342,'1986-07-10 07:12:32'),(95,378,'1979-08-19 23:23:02'),(96,34,'1994-08-06 16:07:20'),(96,119,'1983-11-23 23:11:16'),(96,218,'1995-11-02 09:58:51'),(96,219,'2009-11-22 15:39:16'),(96,319,'1989-06-20 02:49:28'),(97,41,'2017-01-05 04:59:42'),(97,69,'1980-10-11 23:42:10'),(97,365,'1970-12-25 20:32:53'),(98,156,'2021-05-27 07:27:16'),(98,266,'2016-03-07 08:10:50'),(98,283,'2006-03-26 10:30:38'),(98,370,'1992-03-02 09:12:58'),(99,364,'1989-03-01 15:55:21'),(99,395,'2012-07-30 03:01:16'),(100,68,'1993-08-26 21:12:33'),(100,146,'2013-05-15 05:09:47'),(100,149,'2014-09-16 21:48:49'),(100,203,'2011-09-30 23:40:52'),(100,240,'1970-03-31 10:30:53'),(100,289,'2001-02-04 05:14:20'),(100,312,'1981-12-27 19:07:38');
/*!40000 ALTER TABLE `publication_likes` ENABLE KEYS */;
UNLOCK TABLES;

--
-- Table structure for table `publish`
--

DROP TABLE IF EXISTS `publish`;
/*!40101 SET @saved_cs_client     = @@character_set_client */;
/*!40101 SET character_set_client = utf8 */;
CREATE TABLE `publish` (
  `id` bigint(20) unsigned NOT NULL AUTO_INCREMENT,
  `published_by` bigint(20) unsigned NOT NULL,
  `published_at` datetime DEFAULT current_timestamp(),
  `text_content` text COLLATE utf8mb4_unicode_ci DEFAULT NULL,
  `media_content_id` bigint(20) unsigned DEFAULT NULL,
  PRIMARY KEY (`id`),
  UNIQUE KEY `id` (`id`),
  KEY `published_by` (`published_by`),
  KEY `fk_media_id` (`media_content_id`),
  CONSTRAINT `fk_media_id` FOREIGN KEY (`media_content_id`) REFERENCES `media` (`id`),
  CONSTRAINT `fk_user_id` FOREIGN KEY (`published_by`) REFERENCES `users` (`id`)
) ENGINE=InnoDB AUTO_INCREMENT=401 DEFAULT CHARSET=utf8mb4 COLLATE=utf8mb4_unicode_ci;
/*!40101 SET character_set_client = @saved_cs_client */;

--
-- Dumping data for table `publish`
--

LOCK TABLES `publish` WRITE;
/*!40000 ALTER TABLE `publish` DISABLE KEYS */;
INSERT INTO `publish` VALUES (1,84,'1982-03-09 03:16:10','Minima et illo dolores alias molestias.',94),(2,1,'1989-06-22 18:23:00','Dolores vel iure sunt velit omnis minus quos culpa.',65),(3,74,'2020-08-05 17:43:19','Voluptates ipsam non doloribus.',13),(4,65,'2012-07-04 12:47:33','Distinctio rem ut libero non aut explicabo voluptatem quam.',19),(5,89,'1989-05-21 09:39:25','Aut ullam assumenda corrupti exercitationem expedita doloremque facilis.',97),(6,73,'2015-08-31 12:25:07','Fugiat et qui omnis adipisci et omnis omnis.',73),(7,33,'2017-05-16 07:40:47','Sit veniam placeat est dolorem autem aliquam.',71),(8,14,'2011-02-28 09:44:34','Maiores aut nobis unde rerum.',1),(9,32,'2014-11-01 19:32:22','Ratione ab id dolor et debitis blanditiis.',3),(10,35,'1984-01-12 23:08:25','Omnis non sit dolore adipisci nemo.',5),(11,71,'1973-02-12 18:01:15','Id maiores id et dolor rerum maxime.',66),(12,77,'1990-05-04 01:23:44','Officia eos est neque architecto provident.',29),(13,46,'1970-08-24 14:25:21','Minima sed delectus molestiae enim.',58),(14,8,'1995-03-16 07:31:11','Maxime molestias architecto assumenda quos nemo eos possimus.',95),(15,62,'1985-12-03 04:58:46','Facilis debitis magni velit qui possimus ipsa amet.',34),(16,64,'1974-09-19 20:18:01','Deleniti pariatur facilis fugit ipsa quis.',45),(17,27,'1989-05-04 00:00:24','Illo deleniti culpa quae vel.',65),(18,9,'1981-01-04 21:11:46','Ut ipsam consequatur et veritatis dolor.',1),(19,78,'1994-08-13 16:23:07','Sed laudantium enim esse et et voluptatem.',74),(20,20,'2000-11-26 12:15:25','Quae ab aut blanditiis sunt eligendi aut dolorem ut.',66),(21,71,'1978-11-25 15:55:47','Aut quo provident earum omnis adipisci eos.',92),(22,38,'1973-12-22 13:26:32','Voluptatem exercitationem vitae consectetur esse consequatur nulla.',3),(23,62,'1998-12-27 15:05:21','Consequatur in ab et tenetur occaecati.',52),(24,3,'1998-01-28 19:37:19','Velit consequatur dolorem perferendis esse.',94),(25,54,'2019-02-27 03:26:55','Atque eum vero dolorem laborum inventore doloremque.',38),(26,98,'2013-03-25 02:11:54','Quis et perferendis officiis illum eaque.',24),(27,4,'1991-09-27 11:32:33','Sit enim soluta ea in.',74),(28,53,'1996-07-04 23:50:41','Officiis molestiae sit necessitatibus quod ipsa labore aut.',49),(29,32,'1995-08-31 16:12:49','Sed dolor quia et sint veniam fugiat placeat.',60),(30,44,'2000-03-09 02:23:14','Corporis reiciendis consequatur aliquam quam modi cupiditate.',94),(31,94,'1989-10-02 14:24:15','Ut illum aut dignissimos blanditiis sapiente perspiciatis fugit maxime.',8),(32,38,'2007-10-15 03:57:16','Cupiditate omnis totam iusto dolorem aperiam aliquam quibusdam.',21),(33,72,'1990-02-11 06:19:45','Voluptate laudantium et non quia voluptas sapiente.',47),(34,22,'1980-11-29 19:38:05','Et provident voluptates et.',49),(35,21,'1972-03-14 11:25:46','Laborum nam error sed eum rem.',42),(36,14,'2008-11-20 10:35:13','Ipsam veritatis laborum molestiae nihil facere sequi iure.',92),(37,33,'1995-01-29 02:08:35','Est similique adipisci excepturi libero.',52),(38,95,'2006-02-06 17:42:43','Doloremque qui accusantium soluta ut voluptatum repellat.',95),(39,3,'2017-03-17 02:54:19','Et dolores minima repudiandae dolor ullam perspiciatis.',98),(40,89,'2007-05-31 05:45:08','Et et ex et qui inventore facilis eos.',57),(41,35,'1981-03-16 02:34:59','At molestiae exercitationem fugit consequuntur quia sunt repellendus.',87),(42,81,'1992-06-06 19:17:37','Consequatur et et numquam sit vitae reiciendis.',39),(43,61,'1976-12-14 07:51:21','Doloremque qui expedita vitae corrupti.',33),(44,87,'2005-04-12 10:24:49','Dignissimos sit rerum quo et.',92),(45,93,'2000-11-23 19:47:31','Explicabo consequatur omnis aliquid odio.',31),(46,85,'1981-12-26 07:53:55','Fuga dolorem nisi ullam labore.',86),(47,38,'1992-12-28 23:09:56','Enim voluptatem iure consequatur vero provident nulla.',23),(48,7,'1987-02-24 20:35:38','Accusantium omnis aliquam voluptatem aut corporis sequi blanditiis occaecati.',10),(49,70,'1981-09-29 00:49:55','Quis ex perspiciatis commodi saepe.',29),(50,58,'2015-09-16 10:46:33','Nam tempore esse fuga quis qui.',91),(51,70,'1998-03-16 22:50:57','Dolorem eum qui est dignissimos facere consequuntur.',72),(52,82,'2002-12-27 19:46:21','Temporibus dignissimos temporibus rerum dignissimos sequi qui quis.',3),(53,24,'1981-10-06 15:48:57','Neque rerum totam fugiat velit.',77),(54,98,'2017-05-25 22:10:02','Dolorem quia error a qui voluptas.',27),(55,74,'1991-01-30 16:45:56','Voluptatum omnis et eligendi sunt a odio ut nemo.',86),(56,83,'1986-12-16 09:22:36','Id reiciendis perferendis ipsam reiciendis eaque sit.',9),(57,72,'1992-08-31 08:30:33','In corrupti aut consequatur architecto repudiandae vel.',63),(58,47,'2010-05-13 08:33:36','Officiis aut doloribus minima sint eveniet.',32),(59,96,'1980-01-06 09:28:06','Quam vitae fugit reiciendis animi aut est ducimus.',34),(60,24,'2006-09-07 16:20:55','Reprehenderit et modi aut delectus excepturi provident consequatur.',88),(61,64,'2013-11-30 12:53:12','Id odit non harum optio voluptatem.',8),(62,74,'1998-04-27 15:35:34','Veritatis sunt beatae et quibusdam magni enim quo atque.',2),(63,31,'2008-06-05 10:19:14','Placeat vel corporis sapiente officia.',81),(64,11,'1975-07-23 16:23:58','Est id sit velit ea.',100),(65,9,'1989-11-24 15:59:57','Dolorum molestiae est harum et.',69),(66,90,'1989-12-22 13:38:44','Facilis suscipit illum fuga aut iste est.',78),(67,41,'2011-09-12 20:41:43','Aperiam accusantium voluptatem ducimus fuga adipisci dicta.',72),(68,80,'2009-12-19 10:43:51','Nobis qui aut laboriosam voluptates architecto qui.',64),(69,48,'1988-08-23 13:11:42','Ex est rerum ex totam quia provident tempore.',77),(70,90,'1992-06-09 20:55:45','Dolorem porro temporibus aspernatur vel nihil ea.',21),(71,62,'1978-11-25 06:06:58','Provident ad voluptas nihil fugit.',73),(72,30,'1992-03-08 09:45:18','Aut voluptas soluta odio assumenda.',34),(73,36,'1999-09-24 09:23:54','Voluptatem qui quos non itaque consequatur.',76),(74,66,'1976-10-12 19:02:37','Error laboriosam quo rerum consequatur ea ut unde.',31),(75,10,'1986-08-03 23:12:44','Ab qui voluptates aperiam aut omnis ut.',89),(76,19,'2012-09-23 16:41:19','Nisi inventore reiciendis et sed accusamus ratione aut officia.',74),(77,97,'2014-01-13 17:31:57','Maxime quis et est vel totam.',93),(78,75,'2007-10-07 10:59:30','Reprehenderit voluptatibus laudantium rerum tempora eius eligendi earum.',27),(79,73,'2008-11-03 19:59:35','Amet quis explicabo quisquam ut.',86),(80,27,'1976-11-12 09:53:32','Sapiente praesentium ut fugiat voluptatem.',81),(81,55,'1990-12-05 09:02:27','Aspernatur consequatur voluptatem enim dolor est.',16),(82,58,'1998-09-20 14:23:42','Cupiditate ut voluptatem omnis dolore facere et aut.',95),(83,87,'1981-06-16 09:50:22','Nostrum sed odit ab deserunt.',38),(84,59,'1994-04-20 23:31:06','Fugit non distinctio recusandae inventore officia aut quia sit.',35),(85,14,'1982-09-15 04:43:06','Fugit pariatur provident ea eaque.',49),(86,56,'1993-04-14 12:11:36','Aliquid sed id nulla vitae est et qui eaque.',76),(87,21,'1970-03-03 03:44:43','Vitae dignissimos consequatur sit error eaque.',85),(88,10,'1970-08-14 20:02:48','Maxime distinctio ipsam harum voluptatem doloremque.',56),(89,61,'1990-04-04 05:48:17','Nulla sit suscipit numquam non unde sed deleniti.',75),(90,87,'2019-08-13 12:19:06','Aut doloribus ad quis aliquam quia nobis repellat.',70),(91,64,'1994-09-07 01:56:55','Voluptatibus minus reprehenderit porro occaecati cumque quasi rerum.',6),(92,43,'1993-11-17 02:41:30','Praesentium illum explicabo repellendus ut.',60),(93,98,'2009-01-03 12:39:08','Beatae commodi id recusandae nobis ut.',18),(94,87,'1984-07-13 08:50:47','Optio est sint quam vero doloribus.',70),(95,3,'2001-07-06 00:09:01','Qui eveniet ut dignissimos ipsum et ad cupiditate.',13),(96,51,'1983-03-02 19:45:01','Expedita saepe explicabo quo commodi ut nemo enim.',57),(97,29,'1973-10-14 03:03:19','Nisi nihil cum voluptatibus dolores earum et omnis.',8),(98,52,'1978-05-21 06:34:56','Eum asperiores minima aliquam rerum sequi reiciendis officiis.',16),(99,46,'1979-11-19 06:01:57','Dignissimos cumque soluta aut et.',11),(100,50,'1973-01-09 05:08:57','Accusamus nostrum dolorem aut non qui.',59),(101,59,'1995-10-04 10:34:11','Tenetur voluptatum ipsum commodi expedita totam neque aspernatur.',6),(102,35,'1990-02-06 20:39:28','Magnam illo quibusdam corrupti ipsam error.',79),(103,90,'1978-05-06 23:30:24','Ea voluptas quae deleniti placeat consequatur quidem.',44),(104,35,'1991-11-10 21:49:22','Quasi aut dicta earum officia non aliquam.',51),(105,19,'1993-05-19 17:57:33','Ut quam sed est voluptatem totam aliquam.',22),(106,20,'2005-08-31 21:07:20','Quia et esse ut reprehenderit dolore.',82),(107,27,'1973-08-11 02:48:40','Sint ab quae cumque.',63),(108,42,'1971-02-24 11:33:56','Numquam dolor itaque enim aut recusandae.',25),(109,80,'2018-01-26 00:23:48','Laboriosam eveniet unde voluptatibus est.',29),(110,95,'2001-10-07 19:08:55','Error ratione necessitatibus distinctio recusandae.',83),(111,42,'2002-08-09 01:48:17','Alias nemo totam quia aperiam.',45),(112,40,'1985-06-11 05:54:53','Et velit aspernatur expedita voluptatibus quis.',70),(113,53,'1975-06-06 10:03:13','Voluptas hic voluptatem placeat omnis assumenda.',91),(114,86,'1983-07-29 21:16:37','Tempore laudantium voluptatem numquam distinctio possimus.',98),(115,1,'2009-04-08 13:31:39','Suscipit quos iusto tenetur totam aliquam esse illum.',36),(116,56,'1988-11-19 17:30:23','Expedita omnis perspiciatis consequuntur doloremque in.',59),(117,41,'1984-08-02 19:39:41','Magnam repudiandae praesentium et et.',91),(118,38,'2019-04-27 16:29:27','Et iure mollitia voluptatem rerum.',31),(119,34,'2002-07-25 18:11:31','Dolorem perferendis quia maiores ipsam expedita.',73),(120,81,'1980-01-21 02:34:26','Quidem eos quia ea autem labore enim.',52),(121,94,'2015-01-13 11:04:18','Placeat dolor quisquam ipsam velit.',1),(122,34,'1981-02-19 01:40:00','Eveniet et molestiae dolor fugit explicabo totam sit odio.',21),(123,63,'2000-10-06 21:05:47','In quis eveniet voluptates non sint molestias numquam.',76),(124,46,'1991-03-09 13:47:43','A repudiandae sed illum sint.',42),(125,4,'1983-07-09 12:38:46','Recusandae ullam libero ullam eaque.',40),(126,24,'2003-03-31 15:00:30','Dolores aliquid non et alias adipisci distinctio veritatis.',46),(127,84,'1975-09-20 22:22:36','Saepe qui sunt sequi qui quia.',63),(128,16,'2012-10-22 10:43:43','Ipsam occaecati nulla ducimus vitae quos adipisci eos.',36),(129,54,'2014-12-09 20:11:26','Ut qui et corrupti ipsam similique.',1),(130,34,'2011-01-24 09:17:27','Cum quod est qui autem voluptates sint sunt.',55),(131,37,'2004-06-02 08:24:29','Qui aut et sequi quos cumque maxime.',89),(132,13,'1984-04-25 22:32:11','Maiores sint itaque numquam eum error quis commodi.',77),(133,79,'1997-01-20 17:43:43','Eum voluptates vel voluptas id atque sunt placeat harum.',51),(134,7,'1972-01-28 02:03:39','Expedita itaque nihil iste aut et eum.',13),(135,24,'2005-07-15 17:00:59','Id quia deserunt est nulla magni.',88),(136,65,'2001-06-13 16:26:30','In molestiae maxime repellat.',18),(137,88,'1985-09-09 07:13:45','Ducimus ducimus modi similique.',99),(138,38,'1979-12-12 21:36:23','Accusantium vel earum reiciendis quis.',50),(139,74,'2009-07-04 19:28:46','Corporis qui ullam suscipit ea ipsum et sunt.',84),(140,91,'1972-03-26 05:14:41','Atque libero aperiam quia doloremque expedita.',78),(141,23,'1971-08-25 23:03:41','Omnis eos dicta illum nesciunt temporibus.',15),(142,23,'2005-05-19 08:56:54','Nihil repellat quam ea qui ipsum eum.',7),(143,78,'1997-09-07 05:44:40','Perferendis quam soluta debitis enim sit non non.',38),(144,43,'2019-03-03 07:53:40','Labore inventore non ipsum et eos dolorum.',31),(145,39,'1999-06-27 02:27:49','Unde non illo cumque sed voluptate.',76),(146,85,'1999-05-30 07:04:54','Illum et voluptatem qui omnis vero consequatur quia.',75),(147,65,'1992-04-01 01:45:57','Qui pariatur sed ipsum totam in ut.',98),(148,52,'1988-03-27 00:46:21','Quia ex nobis fuga rerum molestias in.',43),(149,49,'1970-11-15 22:57:04','Molestias consequatur reiciendis recusandae sit et quia.',59),(150,56,'1993-10-22 21:51:24','Reprehenderit est aut molestiae nostrum voluptatem accusamus.',72),(151,46,'1997-09-01 16:10:45','Dolorem ut quo dolore est incidunt.',20),(152,89,'2010-05-04 05:49:26','Est laboriosam modi officiis accusantium.',33),(153,18,'2011-05-14 23:33:02','Eveniet minus voluptatem vero est expedita est.',27),(154,83,'1977-01-18 09:51:00','Et nemo adipisci eos reprehenderit quibusdam est ea.',92),(155,10,'1984-08-18 16:15:02','Deleniti tenetur neque dolores asperiores quisquam.',73),(156,69,'2006-01-21 23:54:57','Omnis dignissimos labore optio id nesciunt fuga at.',32),(157,88,'1982-01-29 05:33:21','Provident maxime atque error ipsum iure tempore quasi.',92),(158,39,'1972-09-05 10:05:03','Enim dignissimos neque sed in rerum voluptatem.',65),(159,30,'2013-08-24 06:33:30','Officia omnis consequatur error minima omnis amet.',81),(160,95,'1996-08-14 02:59:01','Qui ullam et nam et est.',69),(161,56,'1971-07-31 23:48:32','Molestias vel vero animi quos placeat quia.',80),(162,43,'1973-10-09 01:22:30','Quis inventore quisquam non quasi et qui.',20),(163,77,'1970-04-27 08:04:52','Aperiam quia tenetur deleniti aut et expedita voluptas magnam.',95),(164,63,'1985-01-18 01:45:55','Aut sint cupiditate quia commodi architecto labore.',25),(165,53,'1984-11-27 17:33:19','Dolorem quam quisquam dolores.',18),(166,97,'1997-10-03 23:13:31','Assumenda impedit eaque voluptas laboriosam vel in et.',99),(167,38,'1991-09-10 02:46:12','Non quis dolores non autem quae sed.',85),(168,31,'1973-05-12 02:37:30','Nobis omnis culpa necessitatibus ullam qui autem.',56),(169,11,'2021-03-27 02:53:59','Aut dicta optio enim consequatur iusto enim.',13),(170,47,'2004-08-21 15:58:10','Eius quia mollitia temporibus eius commodi ut.',20),(171,86,'2002-02-17 08:35:22','Nihil repellendus enim perspiciatis labore ipsam non.',16),(172,52,'1977-06-21 07:33:45','Delectus aliquam id rem voluptas earum nulla.',74),(173,8,'1979-01-24 07:29:52','Cupiditate odit occaecati vel dolorum.',90),(174,38,'2004-02-04 03:35:08','Voluptas consequatur aspernatur est mollitia ipsam consequatur.',37),(175,70,'2015-08-26 00:15:56','Necessitatibus culpa quasi non cum sed.',33),(176,5,'1987-07-26 11:28:36','Adipisci dignissimos cum ipsam ut accusamus.',26),(177,13,'1972-11-07 18:17:10','Veritatis sapiente possimus quis vel dolores sit ducimus.',48),(178,45,'2003-01-03 22:07:49','Aperiam dolor ut ut ex.',89),(179,42,'2015-01-16 18:50:04','Quo eveniet qui quia id ut.',8),(180,14,'1978-12-23 18:38:53','Est quod est eligendi quaerat.',95),(181,26,'1971-04-30 20:52:38','Accusantium harum veritatis totam error consectetur suscipit.',10),(182,93,'1986-07-01 18:09:01','Inventore in aliquid velit necessitatibus illo rerum et.',63),(183,95,'2008-01-09 09:59:23','Debitis maxime molestias modi id culpa.',24),(184,19,'1978-09-04 00:36:52','Ullam delectus laboriosam omnis quia est veritatis.',5),(185,37,'2010-06-26 21:16:26','Quia optio reprehenderit eligendi eaque atque.',66),(186,24,'2003-07-18 11:46:40','Possimus maiores qui et ab eum possimus et.',23),(187,81,'2016-05-26 00:40:14','At beatae omnis ut sit quam ipsum ipsa.',76),(188,96,'1987-01-13 17:54:42','Consequatur quidem nostrum dolor alias suscipit asperiores omnis.',88),(189,65,'2013-03-26 09:11:10','In sequi vel voluptatem quae.',34),(190,25,'1996-02-01 17:38:36','Rem est quaerat voluptas dicta nihil.',35),(191,67,'1978-02-12 03:10:08','Ex sit sunt molestiae consectetur.',29),(192,60,'1996-10-19 22:36:05','Molestiae eligendi dolorem iure dolores.',79),(193,77,'1996-11-02 17:09:07','Non veniam id ea et quidem distinctio.',5),(194,68,'1972-05-21 20:22:55','Est accusantium ut eos ut aut quis consequatur.',19),(195,12,'2014-02-04 14:28:54','Soluta modi cum non sit in.',81),(196,14,'1970-08-29 15:14:53','Nemo expedita magni veniam.',37),(197,91,'2020-04-07 04:01:28','Eveniet repudiandae consequuntur optio dolores impedit adipisci corrupti.',7),(198,100,'1970-04-18 21:48:53','Sunt et vitae aut odit dolorem.',85),(199,30,'1979-10-24 12:42:05','Ut quidem sed nobis dolores dolor aliquam dolorem.',18),(200,90,'1989-03-26 20:26:50','Eveniet explicabo quam amet quam hic quas ut.',67),(201,83,'1971-06-24 15:20:11','Et omnis nihil quia accusantium atque impedit non.',14),(202,90,'2012-03-02 05:04:43','Incidunt nihil sint repudiandae et sint.',64),(203,89,'1975-06-27 00:47:13','Corporis dolorum sed asperiores.',86),(204,52,'2017-09-01 09:22:30','Maiores exercitationem corporis consequatur sapiente et quia voluptatem.',54),(205,19,'1990-09-29 00:24:52','Iure asperiores quo quasi nisi minima.',77),(206,88,'2019-12-21 14:34:05','Qui veniam iure nesciunt consequuntur aut dignissimos libero.',86),(207,6,'1970-06-27 21:59:10','Sunt numquam iusto quia quia est veritatis omnis.',48),(208,64,'1993-01-07 07:13:06','Et esse ut eligendi in labore perspiciatis.',82),(209,52,'2007-12-19 17:55:09','Veniam aperiam suscipit aut cumque molestias.',31),(210,100,'2020-08-27 04:45:13','Dolorem quaerat natus et cumque laborum inventore.',64),(211,12,'2020-08-17 20:39:13','Voluptatibus itaque esse recusandae eum.',14),(212,100,'1987-08-09 05:09:18','Aliquam modi corporis quas quia.',3),(213,20,'1987-09-13 07:07:15','Qui voluptas quisquam perferendis animi est quis iure nihil.',100),(214,88,'2007-10-12 12:28:38','Quia unde ex consequatur doloribus autem.',50),(215,17,'1997-04-20 22:21:55','Hic dolorum aliquam hic eligendi dolorum excepturi sit enim.',77),(216,16,'2019-05-01 07:48:34','Minima suscipit laborum voluptas alias voluptas voluptates cupiditate.',100),(217,90,'2014-11-04 04:35:18','Aut reprehenderit unde reiciendis dolorum sit nobis fuga fugit.',6),(218,64,'2004-11-18 01:48:15','Molestiae tempore aut sed.',79),(219,91,'2006-05-09 06:12:16','Asperiores architecto eius sit nobis adipisci voluptatum est.',16),(220,32,'2005-07-22 19:49:30','Temporibus provident unde accusantium minus officiis similique.',10),(221,92,'1975-06-14 23:25:58','Quo tenetur dicta deleniti nisi.',20),(222,95,'2009-12-13 13:48:22','Veniam explicabo voluptatibus aspernatur voluptatibus amet.',97),(223,67,'1991-10-31 14:43:16','Eveniet consequatur libero aut asperiores.',58),(224,79,'1997-08-12 22:39:44','Voluptate quaerat sint id praesentium quo nisi temporibus.',19),(225,89,'2010-10-31 02:12:23','Cumque dolore in consequatur qui.',79),(226,82,'1989-01-24 22:08:56','Ipsa ut quae inventore ipsam alias.',1),(227,92,'1997-12-03 09:54:39','Qui officiis hic architecto similique dolor.',82),(228,3,'1970-10-21 18:11:39','Maxime quia consequatur laudantium voluptatem nihil.',11),(229,81,'1985-09-06 17:07:03','Ut corrupti repudiandae qui quia molestias minus nisi.',90),(230,60,'1972-06-23 07:46:58','Ut nam aut molestiae voluptas.',98),(231,67,'1992-03-06 06:50:10','Delectus quas saepe quas commodi.',76),(232,97,'2009-09-02 13:23:12','Delectus sit sint nihil qui veritatis eaque.',57),(233,81,'2019-10-25 19:27:42','Sapiente error et suscipit est explicabo.',61),(234,35,'2007-12-19 21:43:58','Necessitatibus nisi et aut in nam et voluptas.',71),(235,76,'1997-11-30 05:42:31','Laudantium adipisci adipisci vero veritatis eveniet ipsa.',67),(236,81,'2012-10-23 15:17:13','Vitae est officia ut aperiam consequatur et nemo.',68),(237,86,'2015-07-07 00:21:52','Qui quis rerum officiis reprehenderit eius.',75),(238,64,'2007-09-13 17:37:34','Animi aliquid aliquid fugit cumque.',53),(239,33,'2007-08-29 03:57:50','Quia suscipit quas necessitatibus dicta vel id sed voluptates.',43),(240,71,'2007-10-31 12:26:04','Est minima eum recusandae aut et.',22),(241,21,'1984-09-23 20:32:28','Quod dolor vel autem veritatis animi perspiciatis.',53),(242,22,'2006-06-05 05:43:51','Magni ut sit veritatis et omnis.',12),(243,35,'1997-03-11 18:27:30','Facere sint dignissimos quae unde.',25),(244,22,'1990-03-11 04:41:05','Aut nostrum vel tenetur.',16),(245,14,'2020-01-27 14:54:12','Nam consequatur perspiciatis optio.',82),(246,13,'1992-09-09 04:58:18','Commodi rerum expedita dicta id alias fuga omnis.',81),(247,57,'2004-09-13 23:24:13','Sit quibusdam optio et quisquam accusamus vero incidunt.',10),(248,37,'1993-03-17 06:43:08','Voluptas vel voluptas delectus libero labore sed ut.',38),(249,71,'2013-02-11 00:12:27','Doloremque quibusdam aliquid et corporis rerum ea.',72),(250,9,'2017-04-08 12:32:14','Mollitia similique dolorem quidem fuga est exercitationem.',46),(251,38,'2013-10-22 11:48:55','Doloremque quo dolore dolorum impedit.',89),(252,13,'2019-04-30 03:46:22','Dolores nemo ut reiciendis autem accusamus optio culpa ad.',23),(253,64,'1991-10-16 01:18:39','Nostrum dolor qui nostrum sint.',77),(254,75,'1985-07-24 15:33:59','Quia tempora excepturi voluptatibus explicabo ipsam quis dolorem.',97),(255,19,'2011-05-22 09:29:08','Illum accusamus ea dolorum officia.',46),(256,18,'2000-08-03 14:25:38','Possimus vitae id aut omnis asperiores voluptatem debitis.',40),(257,99,'2000-11-22 00:31:49','Esse ut occaecati fugiat fuga dolores eaque.',39),(258,51,'1986-11-08 05:02:03','Ea dolorum ea deserunt ab quos est.',34),(259,63,'1996-01-19 12:26:49','Consectetur sed hic voluptate quia animi.',73),(260,49,'1976-05-03 12:08:24','Vero quia maxime cumque dolore recusandae eos aut.',77),(261,54,'2019-11-18 12:45:30','Sed voluptatem animi et corrupti dignissimos illo optio.',62),(262,58,'1979-09-08 15:50:35','Perspiciatis suscipit exercitationem vitae adipisci et vel incidunt.',11),(263,71,'1985-01-26 04:13:18','Voluptates saepe quasi quisquam sint itaque.',94),(264,49,'1977-05-29 21:22:33','Vitae et quia rerum nemo.',41),(265,66,'1970-04-18 09:24:49','Vel voluptatum nobis suscipit enim enim officiis soluta.',57),(266,87,'2015-11-06 22:34:04','Corporis culpa illo odit consectetur eaque.',3),(267,45,'2007-03-02 18:31:17','Dolorum aut libero qui occaecati.',100),(268,25,'1970-08-09 18:07:53','Sed non exercitationem molestiae dolorum.',9),(269,77,'1993-10-10 17:51:34','Recusandae amet non voluptatem tenetur impedit commodi iure.',100),(270,5,'1983-10-26 18:37:56','Mollitia quia animi nostrum rerum numquam suscipit.',96),(271,46,'2000-09-29 03:53:20','Aperiam ipsum odio ratione corporis.',22),(272,35,'1981-09-22 10:13:53','Occaecati corporis ab odio magnam nulla iusto.',45),(273,61,'2002-03-30 23:23:20','Aut labore et et non corrupti quas porro.',86),(274,78,'1991-08-26 22:40:35','Sit consequatur voluptatem rerum.',24),(275,58,'1996-05-18 18:45:08','Sequi molestiae omnis natus excepturi.',26),(276,100,'1981-08-25 17:14:08','Deleniti est alias et nisi corporis fuga.',12),(277,87,'1976-01-28 03:26:49','Labore voluptatem ut ipsa ab.',58),(278,23,'2016-07-22 07:23:19','Et minima ut ut laborum est.',58),(279,51,'2005-07-05 00:16:45','Velit odio aut autem.',71),(280,99,'1999-02-21 23:29:12','Ratione rerum tempora quisquam alias et inventore tempore.',17),(281,27,'2014-08-26 02:09:00','Deserunt minus et quia et aliquam rerum.',86),(282,19,'1995-06-01 15:10:14','Exercitationem quia ullam voluptatibus dolor voluptas dolor.',72),(283,85,'2007-03-24 16:30:35','Sint dolor provident ex dicta rerum aspernatur non.',44),(284,80,'1980-09-15 07:46:00','Eaque corrupti debitis iure asperiores ipsa possimus.',61),(285,43,'1973-11-17 11:54:10','Ipsam non ut vel quia.',85),(286,57,'1980-08-14 21:41:05','Illo alias quo ad consequuntur ea aut quo.',89),(287,6,'1994-09-10 21:47:47','Corrupti fugit modi placeat voluptatem animi omnis voluptas.',91),(288,33,'1972-06-13 03:34:43','Blanditiis nesciunt voluptas accusantium labore qui atque enim.',67),(289,76,'2020-04-09 14:12:26','Rem ullam ad fugit accusamus praesentium.',10),(290,90,'2010-05-16 16:19:49','Officiis omnis animi non saepe sunt ex minima dolores.',34),(291,36,'1994-12-06 01:14:47','Aliquam eligendi omnis repellendus ex qui voluptates distinctio sed.',90),(292,46,'1971-06-19 02:38:43','Ipsum in omnis vitae corrupti natus sit.',23),(293,47,'2010-08-06 14:46:13','Ut at explicabo velit non odio.',68),(294,81,'2006-07-23 16:54:08','Cupiditate sunt rerum expedita aut beatae placeat dignissimos expedita.',98),(295,38,'2021-01-06 19:38:38','Facilis est non adipisci et.',79),(296,14,'2020-06-17 09:35:24','Natus ea nobis officia temporibus iusto commodi.',65),(297,64,'2004-11-16 18:54:54','Libero occaecati vitae quo nulla vero qui voluptatem.',33),(298,37,'2009-09-27 10:15:46','Ut et unde quisquam totam non eius distinctio.',49),(299,76,'2012-09-21 13:09:17','Placeat beatae deleniti incidunt expedita.',17),(300,10,'2004-04-26 12:38:55','Ut amet sit dolores praesentium maxime.',19),(301,1,'1994-01-14 06:43:49','Quos aut autem labore qui voluptatem.',66),(302,7,'1993-12-03 10:17:26','Nam itaque veritatis aliquid quae.',7),(303,57,'2010-10-13 23:50:13','Quia error magni nisi atque.',40),(304,73,'1992-03-28 13:51:55','Quia rerum fugit sed est totam.',32),(305,50,'2009-12-20 04:44:32','Ad voluptatem officia rerum voluptatem.',63),(306,66,'2008-07-07 09:11:22','Fugiat illum aut ad aut esse explicabo at nulla.',85),(307,52,'1970-03-20 15:39:29','Praesentium quo est suscipit laudantium et voluptatum id.',11),(308,8,'2015-09-18 15:53:55','Porro ullam numquam libero voluptas officia.',99),(309,79,'2000-09-16 19:02:49','Saepe ut nesciunt deleniti eos.',89),(310,97,'2012-01-28 03:23:11','Illo vero consectetur eaque blanditiis perferendis atque.',16),(311,67,'2014-07-07 03:14:26','Quaerat rerum ipsum pariatur inventore dolor aperiam.',10),(312,81,'2001-05-24 09:42:52','Quia quia eligendi praesentium consectetur ut facilis aut.',31),(313,42,'1970-09-05 08:02:48','Quis aut ea laudantium sed eius sit aspernatur.',17),(314,80,'1970-08-09 11:01:10','Eius aut dicta numquam quia maxime sed nostrum optio.',18),(315,34,'1994-09-06 15:51:49','Quae eum sint autem enim hic assumenda.',89),(316,36,'1988-06-01 02:34:39','Nobis voluptatum aliquid totam corporis eos.',34),(317,55,'2014-11-20 22:30:09','Aut repudiandae repudiandae ut veniam tempore.',43),(318,40,'2017-11-20 23:21:15','Odio veritatis occaecati quasi laborum ut.',11),(319,82,'2013-01-20 12:34:58','Earum impedit ut velit.',13),(320,43,'2011-08-02 16:43:18','Architecto non ut reiciendis quia rem qui ullam.',31),(321,75,'1978-10-03 04:45:50','Qui aut accusamus sequi.',9),(322,16,'2012-01-06 02:56:50','Ut et nihil inventore.',26),(323,19,'1975-09-20 10:54:26','Et sunt optio dolores aut voluptatibus.',24),(324,25,'1972-04-26 21:37:48','Hic et aut voluptatem.',97),(325,12,'2000-10-17 13:03:29','Corrupti praesentium nam laudantium officiis consectetur.',21),(326,13,'1985-06-11 15:38:50','Impedit sunt aut molestiae dolor eos aut et ut.',79),(327,31,'1976-05-04 20:46:05','Sit assumenda non modi dolores perferendis voluptas repellendus.',94),(328,10,'1992-01-02 12:24:20','Iusto rem voluptates ea ratione quidem.',72),(329,11,'1993-09-12 11:04:06','Nihil inventore saepe consequatur possimus ad vitae.',89),(330,89,'1977-02-25 03:00:01','Temporibus non debitis in reprehenderit.',44),(331,78,'1985-05-21 02:37:09','Dicta quo omnis qui saepe quaerat voluptas nisi.',25),(332,77,'1971-03-01 17:50:56','Corporis est amet rerum et odio quos.',32),(333,67,'1983-10-14 20:07:21','Inventore error blanditiis libero aut.',17),(334,43,'2015-05-12 12:17:06','Porro unde minima nihil quis dolor.',48),(335,29,'2004-06-26 23:16:11','Consequatur fuga et perferendis voluptas.',85),(336,79,'1985-10-23 00:33:18','Praesentium magni deleniti placeat nihil illum distinctio.',3),(337,94,'2016-04-10 20:53:40','Velit ad architecto repellat reprehenderit eligendi non vero.',95),(338,29,'1972-10-25 14:31:59','Impedit voluptas ullam et neque ut.',12),(339,18,'2004-02-06 09:47:38','Autem impedit voluptas iste similique quo.',53),(340,9,'1986-08-21 09:46:49','Nulla quisquam rerum vitae assumenda.',29),(341,73,'1992-10-21 01:18:47','Vero quae eos dolor cum consequatur nostrum voluptas.',21),(342,7,'2020-04-04 16:08:17','Praesentium ad et vero et.',3),(343,15,'1976-07-18 05:31:25','Ratione commodi illum omnis tempore.',17),(344,75,'1993-07-07 04:17:54','Mollitia dolore vitae quos quasi corrupti fugit explicabo.',25),(345,5,'1988-05-27 19:40:21','Maiores occaecati minus qui ut ea voluptas ducimus officia.',64),(346,68,'2010-01-25 21:52:06','Velit velit ratione sunt amet earum qui.',82),(347,89,'1984-03-19 17:31:27','Nisi rerum aut iure eius fuga ab velit.',45),(348,14,'1978-12-11 01:04:49','Eaque placeat a dolor saepe.',55),(349,61,'1996-05-08 04:10:44','Placeat tempore sit eius consequuntur ipsa omnis a.',56),(350,3,'2012-06-15 17:17:46','Porro aut tempora qui magnam non.',89),(351,41,'1988-03-01 22:48:09','Aliquid ea ratione ea rem.',81),(352,91,'2010-08-15 19:49:10','Laboriosam consequatur eos quibusdam ut veniam.',34),(353,75,'1997-07-20 19:36:49','Qui qui perspiciatis tempore dolor omnis voluptatum hic.',19),(354,46,'2005-07-27 20:12:56','Quas voluptatibus ducimus adipisci quo.',93),(355,72,'1997-04-11 19:11:19','Veritatis quibusdam vitae deleniti ducimus corporis animi.',54),(356,21,'1976-01-16 22:56:36','Repudiandae illum neque dignissimos quis necessitatibus quia illo.',45),(357,75,'1981-05-23 10:40:19','Quos vitae autem maxime distinctio.',28),(358,48,'2000-12-17 05:28:43','Facilis repellat at eum aliquam qui vitae.',89),(359,44,'1994-10-21 10:37:55','Est eum dolorem incidunt voluptatem illo sequi temporibus.',23),(360,13,'1989-12-07 09:11:04','Nam soluta dolorem et ut sit.',49),(361,87,'1995-12-17 02:39:49','Non eaque molestiae quasi a facilis consequatur.',80),(362,31,'2009-10-21 23:41:21','Sed ea voluptatem laudantium recusandae.',75),(363,24,'2005-06-10 00:00:16','Id quia odio voluptate exercitationem repudiandae totam sit.',44),(364,29,'1985-11-11 01:48:45','Et aspernatur recusandae voluptates ducimus labore.',85),(365,100,'1977-11-23 09:23:49','Et facilis ad sint voluptatem consequatur et et.',31),(366,73,'2009-09-24 00:06:29','Rerum consequatur a earum porro.',41),(367,12,'2010-04-21 11:14:26','Nam consectetur dolores maxime fugiat nemo excepturi dolorum ab.',64),(368,74,'1999-05-25 03:59:39','Officiis qui nihil sit ipsum sint error atque a.',86),(369,82,'2019-07-14 03:50:41','Molestiae et voluptatibus molestias sunt animi.',20),(370,78,'2021-04-01 02:39:46','Et commodi qui porro quam commodi.',54),(371,73,'2000-06-23 06:49:55','Ipsam aut omnis praesentium rerum.',99),(372,99,'2001-10-15 12:00:30','Dolores qui vel sed.',47),(373,27,'2011-11-11 03:39:23','Repellendus amet officia ut.',46),(374,36,'1981-10-24 23:54:58','Eius repellat iusto cupiditate ullam.',71),(375,68,'2011-08-11 16:05:07','Dolores asperiores id voluptatem dolorem.',48),(376,19,'2015-04-13 15:07:41','Et illum excepturi pariatur labore est.',54),(377,28,'1987-10-07 21:39:00','Assumenda neque et impedit laborum inventore in aperiam reiciendis.',49),(378,28,'1999-03-07 04:45:50','Officia sunt et praesentium enim.',52),(379,93,'1972-07-02 13:45:35','Veniam non qui et consequatur qui.',57),(380,36,'1986-05-08 02:14:07','Magnam omnis explicabo et odit voluptas.',92),(381,87,'1979-01-11 21:17:50','Deleniti quasi explicabo distinctio nobis.',8),(382,33,'1982-08-20 16:06:47','Fugit ut quo quia a dolorum et animi.',99),(383,71,'1970-08-07 16:39:59','Dicta debitis qui quam nam sit voluptatem natus.',6),(384,84,'2020-04-10 03:35:03','Voluptatum nesciunt aut iste velit ipsum.',53),(385,26,'2020-09-19 04:46:57','Inventore ut ullam aliquam autem asperiores.',62),(386,7,'1993-11-15 20:39:22','Non et vel tenetur odio in qui explicabo.',98),(387,61,'1998-05-18 21:15:20','Odit saepe pariatur rerum amet sit.',5),(388,45,'2015-03-23 03:20:08','Exercitationem rerum quo tenetur vero quasi.',87),(389,50,'1975-10-20 18:04:04','Ad provident libero similique perferendis.',80),(390,58,'1974-01-28 05:27:35','A animi quas occaecati exercitationem officia et possimus.',18),(391,27,'2021-04-05 12:42:22','Qui sed voluptatibus tempore est laudantium.',77),(392,72,'1993-05-12 21:06:24','Hic rerum inventore culpa possimus ea provident minima.',55),(393,26,'2013-12-09 19:29:56','Illo nihil est debitis illo sed libero quo.',100),(394,6,'1997-09-24 13:28:22','Et impedit magnam non provident provident sequi.',18),(395,56,'2005-03-27 20:51:47','Doloribus sunt tempora ut repellat atque.',42),(396,10,'1980-12-20 20:54:39','Illo rerum dicta quaerat rerum totam vel.',43),(397,49,'2010-05-20 10:45:32','Officiis quia voluptatem fugiat ut.',42),(398,42,'1982-09-16 07:19:15','Aut enim enim repellat ut fugiat.',20),(399,48,'1979-03-25 19:36:39','Impedit ut est laboriosam optio.',25),(400,73,'2005-08-22 20:06:44','Consectetur ea qui amet sunt.',73);
/*!40000 ALTER TABLE `publish` ENABLE KEYS */;
UNLOCK TABLES;

--
-- Table structure for table `users`
--

DROP TABLE IF EXISTS `users`;
/*!40101 SET @saved_cs_client     = @@character_set_client */;
/*!40101 SET character_set_client = utf8 */;
CREATE TABLE `users` (
  `id` bigint(20) unsigned NOT NULL AUTO_INCREMENT,
  `first_name` varchar(150) COLLATE utf8mb4_unicode_ci NOT NULL COMMENT 'Имя',
  `last_name` varchar(150) COLLATE utf8mb4_unicode_ci NOT NULL COMMENT 'Фамилия',
  `email` varchar(150) COLLATE utf8mb4_unicode_ci NOT NULL,
  `phone` char(11) COLLATE utf8mb4_unicode_ci NOT NULL,
  `password_hash` char(80) COLLATE utf8mb4_unicode_ci DEFAULT NULL,
  `created_at` datetime NOT NULL DEFAULT current_timestamp(),
  PRIMARY KEY (`id`),
  UNIQUE KEY `email` (`email`),
  KEY `users_email_idx` (`email`),
  KEY `users_phone_idx` (`phone`)
) ENGINE=InnoDB AUTO_INCREMENT=101 DEFAULT CHARSET=utf8mb4 COLLATE=utf8mb4_unicode_ci;
/*!40101 SET character_set_client = @saved_cs_client */;

--
-- Dumping data for table `users`
--

LOCK TABLES `users` WRITE;
/*!40000 ALTER TABLE `users` DISABLE KEYS */;
INSERT INTO `users` VALUES (1,'Jeffrey','Bayer','judd.cummings@example.net','07964451825','781b91e0d0a1fbf5b54c024dd9c5d1c0302ef44c','1981-11-23 03:10:44'),(2,'Dario','Collier','folson@example.org','155-287-159','ea54c7e4d7512b918a1b4f4b931e5ce37e61bb4d','1978-12-28 03:12:58'),(3,'Alford','Cruickshank','maeve44@example.net','04987684400','fa593488115f9f5918aefa7d0c2022f6b66cc891','1993-12-05 16:44:29'),(4,'Adeline','Graham','torphy.domenico@example.com','1-258-182-4','93bd299f70b12e4ec3b552f6bef764cc4e19164d','1970-08-27 14:04:17'),(5,'Jasper','Schuster','award@example.org','(003)020-36','376c632bf113104cc2956cd28b9f59c81e6445d7','2013-08-17 14:46:38'),(6,'Rhett','Krajcik','gkilback@example.com','1-712-160-8','71e5a1b212805a6852ff4d1ddbf793eab7b3b582','1978-08-23 14:45:18'),(7,'Thelma','Marks','zhane@example.net','054-016-017','dc71f9d4d7b9b25f24f157211114e274c483b6cd','2004-11-24 17:11:24'),(8,'Norma','Hermann','rickey.berge@example.org','1-928-297-7','e88364ea82e721f1078803a1a12d2b0a7de90daf','2009-08-05 06:48:06'),(9,'Maia','Grant','kale.mertz@example.com','510.931.256','7eee31ee645b21c33a39a6750c86fbad1cdbd027','2014-02-26 05:01:31'),(10,'Arielle','Kreiger','estelle.mcdermott@example.org','1-115-927-4','90a158bd2f58438c97209116f1d6184cb9294223','1987-07-27 08:16:44'),(11,'Anjali','Casper','smraz@example.org','115-277-411','ac3a90d72f2f9b7769a252062ca1b5e7b0367627','1992-11-07 08:10:28'),(12,'Cayla','Cartwright','santino05@example.com','01058871784','007240e1e2764a6e934e5cedebd0d5f0cfba7224','1980-08-28 01:03:42'),(13,'Jermain','Gleichner','mcglynn.lillie@example.org','1-378-122-1','afb9934db2a448a448b712deb9af6f4ad4451bfd','2012-01-30 12:29:40'),(14,'Luther','Thompson','eileen12@example.net','1-601-117-1','04a4d14b72961d357403fdbb24a05d3df25084b9','1997-05-07 20:06:18'),(15,'Precious','Ritchie','tromp.alysha@example.net','465-967-396','11338e54ff76a6bb12bc811310c0686406575cdf','2006-08-09 18:38:03'),(16,'Katelin','Heathcote','elarson@example.org','(861)274-12','533125db103db2196150c422ea4fbc68fb9025c6','2005-05-20 17:29:07'),(17,'Nico','Koelpin','pouros.fae@example.org','04631257588','6cb530fc6c5e685ae18af1c902d82ac40ca08127','1981-06-14 08:23:30'),(18,'Amaya','White','shaylee.raynor@example.org','724.080.036','fb2913f92ef09d7f953d3744ec6d441e9a114cc4','1978-09-11 06:30:16'),(19,'Jackson','Mitchell','marquardt.ursula@example.net','(720)565-91','2f980d090b6cf273e220dc3c65273ddded6715ee','1974-02-24 15:42:15'),(20,'Annabel','O\'Conner','krystal83@example.net','758-121-325','e3c2c574c3c3b7c4a7de1ec93dfd9562da24a53f','1987-03-11 00:05:22'),(21,'Malcolm','Johnston','lgulgowski@example.org','+88(6)85835','6e5e172c894833a2283e5e845a2eb9b0ec47e64c','1989-02-07 22:41:16'),(22,'Ursula','Funk','coty.tromp@example.net','861-295-070','6cb89292efc03c7f397d09adafe89493b6c88889','2019-03-02 20:31:33'),(23,'Brady','Nienow','roscoe.konopelski@example.com','1-761-384-9','ba7e8a9b78c80e40e3f6df05c6b1413e520822cf','1971-08-23 22:39:13'),(24,'Kaycee','Schamberger','ejones@example.com','1-400-870-3','ab655fbeb87bd9bc22ff1fe0a5807be24be8842d','2019-08-28 04:14:46'),(25,'Dan','Kovacek','clair.bernier@example.org','(638)111-42','376244ab5711b4a66a4e7166bcd75f9bae0ce8b6','1976-03-17 12:04:17'),(26,'Sherwood','Emard','helene17@example.com','+61(7)20554','bb7b97e39e16b432ae592a4b502a4a9abd19e532','2001-05-30 22:54:49'),(27,'Cristal','Von','tjacobs@example.net','890-456-383','a53b7d3722bef1542b68b09cddc9ff53c28c930d','2010-04-18 14:58:50'),(28,'Chelsey','Kuhlman','kmurray@example.com','(142)061-10','9c9dc4c6a2f5da716a93720c132fcbb925f1460f','1992-01-15 23:37:40'),(29,'Yadira','Hane','gerard74@example.org','(742)513-77','4d3ff3010434d7b7947bfaeeb3b101c49d58e65c','1987-05-09 15:47:09'),(30,'Tressie','Ankunding','alayna.rutherford@example.com','103.228.993','19167ffbb321cb7943c0917032998f2da4cf6fc0','2003-10-15 20:31:52'),(31,'Twila','Welch','albertha26@example.com','02620094239','d7f1099aeef37ee00dc70e939f88e2bbf073d4fb','2017-05-11 09:55:17'),(32,'Cyrus','Bernier','aniyah77@example.net','078.463.257','808aed88f3cacbbf0aa5c4de3894e7a5ea20e208','2004-10-31 15:59:31'),(33,'Layla','Stark','tstreich@example.com','(095)984-23','1e8d298824e69ec7d24a4f84803ab94fd742d869','2006-02-09 23:45:33'),(34,'Amara','Runte','angelica37@example.org','1-030-086-7','4db67a945d643eff11dcc840cbe0acfe3bd0b1b9','2017-11-26 21:32:44'),(35,'Joe','Cummerata','rmills@example.com','563.157.313','41b314dde43fd4e8587dbfdfb29399d07d70c8ed','1984-12-03 14:46:25'),(36,'Jay','Wiza','euna.bergnaum@example.org','1-715-189-9','14f7205f6d5a47a693d3fb15d1a9e5998a53d139','2020-02-27 15:33:26'),(37,'Luisa','Wintheiser','jwhite@example.org','(837)122-37','3b69931d67bde89cd6327c0083cfd0e2449d0154','2011-05-23 00:33:11'),(38,'Lauriane','Rodriguez','sidney.reilly@example.net','1-950-892-7','b7f3992e9d908f49e4259db0920669c2a30a7ec2','2013-07-01 04:23:12'),(39,'Theo','Koch','amari.o\'keefe@example.com','193-283-151','5c2fa7a442321e51b1b445bdf9164e7efce6c299','2021-02-04 22:38:14'),(40,'Mittie','Lemke','fhegmann@example.net','491-300-262','4cf63deea3922e5f29dcd0e2daa5abd0876fb9c1','2016-01-10 19:03:32'),(41,'Tanner','Hauck','esperanza54@example.org','1-971-743-7','35437b4133650583e7da4777d2527ceed627510c','1972-10-18 05:43:09'),(42,'Darrick','Langworth','leon86@example.org','(134)576-49','90f2a61ece8ba7938eeb2a9977526ddea1814d42','1990-11-30 23:36:43'),(43,'Cyrus','Runte','letha39@example.net','731-514-838','60d271f52029b4c3d864ec920ed5a1a34577c4e5','2000-05-29 05:01:16'),(44,'Donna','Auer','romaguera.sydnee@example.org','+11(0)94473','cf1c89e6f5d0f3a470356d44a798d8b460df4566','1970-06-17 18:39:15'),(45,'Gilberto','Schroeder','oluettgen@example.net','917-802-821','c5583a2704778f1a04114ac2d1118fd1c4f9afea','2020-06-09 06:42:40'),(46,'Yvette','Davis','legros.christina@example.org','749-327-742','6bfc43c524005d49aabd2cdf6a888d84e44b87c3','2000-02-20 21:39:59'),(47,'Micaela','Emmerich','hannah61@example.com','1-079-047-3','eb51f66524b1e78f45907f52c6e98981befe8228','1973-01-13 19:54:12'),(48,'Geoffrey','Upton','justen76@example.net','1-534-230-8','874a0e0c1cf4f347a679f193dbd7e69f19244125','2007-05-04 14:14:26'),(49,'Gust','Gaylord','hilll.hertha@example.com','806-016-971','9111c5cf7ad5ac3328e6fa57317d9fbf6251a063','1982-02-16 14:17:21'),(50,'Cecilia','Jast','unique.herzog@example.com','433.397.697','d27bf132d4d2f6407b7d376990392f7080e4164c','2013-03-10 06:29:16'),(51,'Ezekiel','Konopelski','mayert.clinton@example.com','1-813-088-8','0fe98a5f92ec9da11d0725106a90ec07b0150548','2004-11-17 09:33:52'),(52,'Jose','Carroll','jayme.mayert@example.org','049.441.377','c5a696c90834558ac65ff5b165e87d9d8b8bb203','2012-11-14 12:23:59'),(53,'Abigail','Predovic','molly02@example.net','447.484.148','e0cc9642bcb6bf50a5ed4b4ab054813f60d03996','2010-08-29 17:27:23'),(54,'Wava','Considine','brown.holly@example.net','350-273-320','9593b0741366df4b6049bc221430725fa69a5ca7','1996-04-09 01:59:58'),(55,'Elijah','Bergstrom','elegros@example.org','253-621-860','36359a3491388a81e76b3c1a1b19497fdb28afa9','1988-07-20 23:38:28'),(56,'Makayla','Ratke','wgrimes@example.com','1-422-992-6','b5c86d7be9e8e48780d5b4aa56da27d4e841c497','1982-05-16 01:09:09'),(57,'Terrell','Bergnaum','ayla14@example.net','310-965-919','e96f212d5aa106bda584af16d36a58d32f421ef7','2018-05-22 13:46:53'),(58,'Justina','Homenick','sylvan13@example.net','110-829-112','de9e31ef0cdc3979ed80115c86f229a8f876edf3','1975-12-03 07:13:15'),(59,'Mabelle','Schultz','lreichert@example.net','05465386124','f959357aff540f12db3ffa17e99adbe6a9d0367f','2005-09-11 16:05:27'),(60,'Christop','Franecki','eyundt@example.net','620-186-565','306b983a51b5bf5ba19d4ba65257ec31cc89a2b4','1992-11-08 22:00:29'),(61,'Emma','Dickens','allie.stoltenberg@example.net','442.980.910','71314d298a4f8a521111e6e884ce2e8558f8152a','1995-08-03 10:16:50'),(62,'Linda','Funk','cremin.katlyn@example.org','1-475-215-3','03c95a32b82c00fccbda9455f89059dc0a5ce960','1994-08-05 22:00:05'),(63,'Caden','Marquardt','rupert80@example.com','510.785.608','48da82caa4e1d1cd4a09d077dee481bb7c1720ed','2010-11-29 03:33:09'),(64,'Vernice','Adams','mraz.violet@example.net','892.784.002','e308e22a4b2a025dfcdd051ddddbab3d152a5649','1996-08-20 19:26:02'),(65,'Vicenta','Streich','jhalvorson@example.net','1-407-445-7','6879e79627ea6a012a156bc64e64f860ccd2ccc5','1994-05-25 03:11:16'),(66,'Ahmed','DuBuque','melany.borer@example.net','411.703.489','e461e0caffd33751fd8d2f893003fb9c202bb046','1998-12-15 21:33:08'),(67,'Lenny','Friesen','payton.brown@example.net','526-050-349','fc98db116e41daeef895a90df397cddae267c03d','2008-12-06 15:25:54'),(68,'Malcolm','Collier','murphy.breanne@example.com','03568443871','692eb44bda27da27b293040c17970c33ae7895d9','1980-02-04 11:32:16'),(69,'Leta','Jones','gutkowski.fiona@example.org','(702)452-98','59c2650887c4c14cdf89f9a57efd2a9ceed75758','1989-04-21 10:31:59'),(70,'Shanie','Schroeder','schultz.jaden@example.com','1-217-724-0','444f3202a00a98feb91262218dd4f7e7ed4fb83b','1993-05-31 01:40:38'),(71,'Harry','Quitzon','yrau@example.org','1-027-077-3','a9cd46c0c565e2552dc1cb5d9a9ba2034349f2e1','2014-03-02 03:39:35'),(72,'Quinton','Roob','crooks.oscar@example.org','092.911.040','4c229f29fabeeef595e082c40317156e3f208b5d','2012-06-04 17:25:09'),(73,'Pedro','Okuneva','kcole@example.net','1-798-704-3','2df17bef583e9d5cf74ff43ce0ab54a4606521fb','1982-08-08 03:28:19'),(74,'Abdul','Raynor','stracke.cheyenne@example.com','555-507-160','7ca28ea55fe6f42a5cd979d17dda3a4d66578be3','1973-01-14 06:44:08'),(75,'Kevin','Lemke','o\'keefe.justus@example.com','(646)536-08','5a558f65a52276448adb65234ca3640d4c23604e','1980-03-07 07:35:38'),(76,'Karelle','Dibbert','caden59@example.org','(939)879-68','218f619eb0fa499d9d2cd4e7f2ff77ee3a05f989','2009-02-14 16:57:52'),(77,'Murray','Kulas','priscilla55@example.net','(357)561-58','2f0e639c634d6046da8ff03000f122ea3791e485','2009-11-28 04:23:27'),(78,'Vern','Smith','wlangworth@example.org','09212100684','6f360482012a2ac4a47623c95dc0a5ad15711b57','1997-06-26 08:22:30'),(79,'Eudora','Bergstrom','klehner@example.org','(294)952-63','53ce620bfe1492082a2ec0a5b3cd00b5085df9d8','2015-04-29 01:08:50'),(80,'Duncan','Ferry','rippin.august@example.com','1-432-623-1','b013dbd65d2bc9ba6987277dd4601c52b20a48a6','2003-05-05 00:32:58'),(81,'Neil','Deckow','jfay@example.net','(914)584-18','2615deb1ededd9cb9f53b14934a5afce04edb0eb','1981-01-09 10:19:04'),(82,'Alec','Pacocha','wolff.alayna@example.com','(385)420-32','75696190ac3a1a838ffde9963be3b9fa16703632','2010-11-21 03:28:06'),(83,'Keshawn','Heathcote','pbailey@example.com','09836567232','56bd877a6c65f8f79af4de6b4f8f4fa9876c4320','1974-04-11 01:25:54'),(84,'Melany','Boehm','abelardo.nader@example.org','396-038-633','74802eb28599389035868881cd7796260fe1b720','1971-10-05 17:50:44'),(85,'Filiberto','Ward','enrico93@example.net','017-158-914','90dc6eb792a002a3a57d5790e13deded13be3b60','2003-12-17 13:20:21'),(86,'Justice','Beer','bartell.napoleon@example.net','894.143.920','793b4b70bf7779a9c239eaa456d73b0b745977cc','1970-06-13 09:00:07'),(87,'Salvatore','Wehner','xrau@example.net','(238)807-34','baac34059a6fa704944b3ef0c61c5c40d6543998','1991-04-19 03:21:53'),(88,'Tristian','Auer','ybernhard@example.org','724-038-066','fd6f287d744f8a53a44f38a45cc92ed1d8fbbe51','1976-08-12 20:31:38'),(89,'Joyce','Okuneva','vfritsch@example.net','07940453250','be172545f48d8d917ea2805cf9ebac8c148bab1c','1986-03-02 06:37:02'),(90,'Gage','Waelchi','alverta51@example.com','(278)256-99','c89e524f711bc9b565b660375d1ea7408827a1a2','1985-01-27 06:47:41'),(91,'Walker','Doyle','dmann@example.com','1-151-504-6','44c5e4990d4c1007b9259eb3ab8798721ed3f3fc','1993-05-05 10:57:21'),(92,'Tressie','Kautzer','kaylie24@example.com','+37(5)09122','fe81c355bd17444518bdbc088c1dc5571a9913a1','2008-07-15 03:59:25'),(93,'Katharina','Pouros','susanna.hettinger@example.net','1-094-743-4','ba4780d1f369b0be34796c967c2a9e5fc95b9f57','1980-08-13 09:45:32'),(94,'August','Hermiston','lucienne26@example.net','460-449-700','7cf1313353b1bfc10d9d3374549b2611bccd32e1','2019-08-11 22:12:54'),(95,'Claude','Stroman','eulalia.senger@example.org','291-293-295','3aca7d9855612f2486316ad230a892a79f7c827b','2017-05-07 17:45:15'),(96,'Lina','Lakin','hilma16@example.com','(671)520-43','1881aad34ca0b6fa69fcf06b5036a7e5609cf07b','2000-09-20 21:58:17'),(97,'Maida','Larson','brando.kautzer@example.net','1-654-187-3','d41698d7bd5a5f583365a1253018eeb4be4c0e8d','1991-05-07 00:03:55'),(98,'Mariam','Hammes','trace98@example.net','903-634-646','431fcb6f3412e05a06c12f91f14bf77bf54e9499','1971-12-09 02:05:01'),(99,'Bridie','Barrows','ohalvorson@example.org','01284095646','d03cfa64e58b483bea5cc8fbe1d18c7e39e1933f','2014-09-28 08:17:49'),(100,'Curtis','Haag','jaydon10@example.net','290-576-458','b5074dc092a1902f847bb65a3c4d5ed4ba79d744','1998-07-05 07:04:21');
/*!40000 ALTER TABLE `users` ENABLE KEYS */;
UNLOCK TABLES;
/*!40103 SET TIME_ZONE=@OLD_TIME_ZONE */;

/*!40101 SET SQL_MODE=@OLD_SQL_MODE */;
/*!40014 SET FOREIGN_KEY_CHECKS=@OLD_FOREIGN_KEY_CHECKS */;
/*!40014 SET UNIQUE_CHECKS=@OLD_UNIQUE_CHECKS */;
/*!40101 SET CHARACTER_SET_CLIENT=@OLD_CHARACTER_SET_CLIENT */;
/*!40101 SET CHARACTER_SET_RESULTS=@OLD_CHARACTER_SET_RESULTS */;
/*!40101 SET COLLATION_CONNECTION=@OLD_COLLATION_CONNECTION */;
/*!40111 SET SQL_NOTES=@OLD_SQL_NOTES */;

-- Dump completed on 2021-06-09 13:09:34



-- Меняем названия типов медиа:

DELIMITER $$
UPDATE media_types
SET `name` = case `id`
WHEN 1 THEN 'image'
WHEN 2 THEN 'audio'
WHEN 3 THEN 'video'
WHEN 4 THEN 'document'
END;
$$
DELIMITER ; 

-- Удаляем запросы на дружбу с самим собой

DELETE FROM friend_requests WHERE `from_user_id` = `to_user_id`;
	
